cell_type	n_genes_in_set	n_genes_rest	mean_z_in_set	mean_z_rest	wilcoxon_z	p_value	fdr
CD4_T	1828	17313	0.08814401696389497	0.07271469959551956	1.6467005591659833	0.04980980461824418	0.4482882415641976
DC	1894	17247	0.09157092010770856	0.07227932593629212	1.0591750612876076	0.14476003021545303	0.486463007569399
Th17	1900	17241	0.08005555467894737	0.07354163350253638	0.9856423026037752	0.16215433585646633	0.486463007569399
CD8_T	1824	17317	0.07338178260964912	0.07427317004257261	0.5169235839716435	0.30260475180830837	0.6492413526178704
NK	1863	17278	0.0723980639357112	0.07438125153345293	0.35661602284140204	0.36068964034326134	0.6492413526178704
Monocyte	1884	17257	0.07389260251592356	0.0742205014757623	-0.1231021826959648	0.5489869085564265	0.8234803628346398
B_cell	1842	17299	0.0613133826330076	0.07555914251096765	-1.0194230683476997	0.8459989204440743	0.9224056711375701
Treg	1858	17283	0.06495002632938641	0.07518137523504197	-1.2174839935707558	0.8882899385863005	0.9224056711375701
Gamma_delta_T	1888	17253	0.06127873236228813	0.07560091638597517	-1.4214407816724324	0.9224056711375701	0.9224056711375701
