cell_type	beta	se	t_stat	p_value	n_genes	fdr	bonferroni
DC	0.06056018410649976	0.02891393597753403	2.0944981047739297	0.018114470347595932	18864	0.1630302331283634	0.1630302331283634
Monocyte	0.01554165239987922	0.027497332856386742	0.5652058139984073	0.28597025265453835	18864	0.8596298681501627	1.0
NK	0.004264679163716463	0.026670549813371712	0.1599021840029071	0.4364799201856127	18864	0.8596298681501627	1.0
CD8_T	-0.0025300855736466606	0.039585264175095024	-0.06391483362231691	0.5254806408837397	18864	0.8596298681501627	1.0
Gamma_delta_T	-0.0035545982481623105	0.04765980117498907	-0.07458273346779495	0.529726248246451	18864	0.8596298681501627	1.0
CD4_T	-0.008796566427860326	0.04774504446123632	-0.18424040708564346	0.5730865787667752	18864	0.8596298681501627	1.0
Th17	-0.03241743586148626	0.04999098083554786	-0.6484656896036474	0.7416541550595739	18864	0.9232230599280071	1.0
B_cell	-0.0403060669066255	0.03022436895218443	-1.333561900676587	0.9088182097286764	18864	0.9232230599280071	1.0
Treg	-0.05844605547109083	0.0409530530456239	-1.4271477002210016	0.9232230599280072	18864	0.9232230599280071	1.0
