SampleID,CMTF_0,CMTF_1,CMTF_2,CMTF_3,CMTF_4,CMTF_5,CMTF_6,CMTF_7,CMTF_8,CMTF_9
Methanobrevibacter_Methanobrevibacter_smithii,-0.006781905505076134,-0.0007796206072174343,0.003999207226287129,0.008032666887792753,0.00587422687138194,0.0033725787418916963,0.0009195893709818487,-0.0008772430274609945,0.0012341746292195163,0.005015625367041557
Methanobrevibacter_Methanobrevibacter_unclassified,-0.0071200395439446245,-0.0014972182999509755,0.0038049958205045842,0.008643607066956015,0.005741864430865556,0.0035696011413155044,0.0030286545501922633,-0.0017715119659256963,0.00246838677231085,0.005529097669344931
Granulicella_Granulicella_unclassified,-0.005244410393145026,-0.0068715083450181375,0.0004289579993010077,-0.005562863412983233,0.0033947778270651354,0.0022862692069999715,0.00823759058349224,-0.0012772291429755205,0.001600423679117947,-0.0013405062951331623
Rothia_Rothia_mucilaginosa,0.00498088830748654,0.004045902476672709,-0.002310498223889613,-0.004609416037047625,0.005313302082709022,0.0023360063402844233,-0.004208054001399322,0.003285967375696081,0.0014051192675538456,0.0041687738346777485
Rothia_Rothia_unclassified,0.0010160948493154796,0.0037917712595021153,0.0025570051133601895,-0.008037944391133308,0.0056067802048844284,-0.0022050960960435496,0.003520516313330178,0.0018063454373091876,-0.0021705355726795747,-0.0049213067007592105
Propionibacterium_Propionibacterium_acnes,0.002333643434328034,0.0024343463234178936,0.001992546386620585,-0.001281310290051149,-0.00018556195059627866,-0.006117908990798574,0.004448425353899668,0.0018338269233251273,-0.0036460069251380432,-0.007871209963422195
Bifidobacterium_Bifidobacterium_adolescentis,-0.0016356584816383851,-0.00024145121190043988,-0.0003675176545488358,0.0012174156380040612,-0.008513328180497727,-0.0077903350882298356,0.002005870737643528,0.0029572030978551834,0.00041384413091741636,0.006843966208765726
Bifidobacterium_Bifidobacterium_animalis,0.00610196917265937,-0.0009621569935451785,0.0026932610343984326,5.9663486147552405e-05,0.0014795451345379052,-0.0038890810030997457,-0.008230012258927388,0.0016024654910935937,0.0014333795161097455,-0.0028984215883829517
Bifidobacterium_Bifidobacterium_bifidum,0.00388217466508658,0.0027611358467258674,-0.0003914832631525474,-0.00445694793876127,-0.005270255386203937,-0.0059852412068952384,-0.0032340267452442995,0.0049226083678830905,-0.004011783273466067,0.0032568129994363865
Bifidobacterium_Bifidobacterium_breve,0.007059318558534647,0.005880865053117409,0.0016396157112769328,0.0013414979992188718,-0.00022349652049832877,-0.006573830312115191,0.0015343724999747487,-0.00137983337047926,0.00036811046769500474,-0.0045219500835674675
Bifidobacterium_Bifidobacterium_catenulatum,0.002507540981053106,-0.002109570281311722,-0.0006189602173188504,-0.0072354808775658575,-0.0019645330883425296,0.0065576717354555196,-0.002746835228959718,0.0019475821764645216,-0.003914415989558078,0.008318870203902382
Bifidobacterium_Bifidobacterium_dentium,0.009454126602665555,0.0007537348772887819,1.5613288857621644e-05,0.0030791812518153705,-0.003675545601931057,0.0005316044064037323,-0.0029377561237649147,0.004590195643321708,0.004563341291926756,-0.0012897183890548639
Bifidobacterium_Bifidobacterium_longum,0.002723075201351366,0.004243406494294671,0.0030775118040583453,-7.819832753512314e-05,-0.005561985240937713,0.006818631290887812,-0.0015889570032825244,0.004581587247069527,0.01410288097031904,-0.00222370178823568
Bifidobacterium_Bifidobacterium_pseudocatenulatum,0.0005864219832974855,0.0038009168093933593,-0.003890422262754924,-0.0018494726882648995,0.002685518582327069,0.01217450677434967,-0.003399964216552283,0.008259114018153466,-0.001920677667472712,0.007178160309097916
Scardovia_Scardovia_unclassified,0.004309391087482874,5.442790990790936e-05,0.0014990271192722147,0.004194048928377111,-0.004633904727086176,0.008351226511627135,0.008936569725800205,0.0040851281710945824,0.0015361474775085868,0.006313915351102223
Adlercreutzia_Adlercreutzia_equolifaciens,-0.007901109524184375,-0.006707683788961033,0.0028721894579492578,-0.002097559068279695,-0.0033074967143625305,0.001604183957440107,0.0001554824537870727,0.0035001048000382695,0.01040316602021632,-0.008452297661456921
Collinsella_Collinsella_aerofaciens,-0.005666629467937781,-0.0026479792901889544,0.005238858740208184,-0.00044007808882126913,-0.009823137814010898,-8.620916354591225e-06,-0.0032089857603535142,-0.00013268040209913644,-0.005263104325328136,0.014994718122792086
Collinsella_Collinsella_tanakaei,-0.0024355236184934086,-0.0009241525016765615,0.0044970130151187875,-0.000618906651752327,0.004949523368340751,0.003559308299719244,0.0014314645540245642,-0.0005300193147910347,-0.005739904232094348,-0.009027665828819345
Collinsella_Collinsella_unclassified,-0.001177695292739228,-0.0008160462327340272,0.0023834012883539465,-0.00012719141946126476,0.0057124610917715585,0.0041480031125875816,0.004272054263178003,-0.003658106723280415,-0.011703604261907042,-0.006915614249744961
Eggerthella_Eggerthella_lenta,0.003500903357313232,-0.0019321312210430828,-0.00036911501403365373,-0.0053940295882164355,-0.0022250186199029107,0.0015703084102984882,0.0013332759737480827,-0.003683006730944776,0.014105339937656974,-0.01045541396324026
Eggerthella_Eggerthella_unclassified,0.003102932719323855,0.0027616730426540123,0.002890054877602128,-0.005114269305839967,0.0008750355238786026,0.0036337514258543905,0.004926499381964426,-0.007838228499961162,0.017312260800737358,-0.014052382152918088
Bacteroides_Bacteroides_caccae,-0.008909090007506665,-0.0005067302198872222,0.005308176119199446,0.0009654545842221888,0.0005400370382627542,0.0016318643923365036,-0.0012814217983177995,0.005212170043080394,-0.0031263134996805963,0.008596510855111901
Bacteroides_Bacteroides_cellulosilyticus,-0.0040934170042230865,-0.008459315121726452,0.004389611147032321,0.0005349843603310521,-0.00706025413937349,-0.008362884965228913,-0.0009828952305854241,0.006239045601045293,0.005418867152981137,0.004800851183560737
Bacteroides_Bacteroides_clarus,-0.0002448092602603018,-0.00015616513482822833,0.0013162313195117577,0.0022010830701262047,-0.0030003704211254167,0.004621355053979987,0.0008958792201507047,-0.001463046896603237,-0.003871745205114116,0.013332018764882035
Bacteroides_Bacteroides_coprocola,-0.00029750446152926,-0.0035995863757943202,0.003973793278956855,0.005187741624708962,-0.005412628390404317,-0.00820959261689153,0.0017177635290045558,-0.0012149551938043352,-0.006120455215208574,0.00825198527517287
Bacteroides_Bacteroides_dorei,-0.005703819143794147,-0.006487164300468291,0.0008177522319541274,0.004022386810581337,0.0012744466348864922,0.004003452286268741,0.005678437183603282,-0.001349456239499993,-0.007461698344466744,0.0040717922619475716
Bacteroides_Bacteroides_eggerthii,-0.0005585441296493872,-0.0007537911994399989,-0.007863662130861688,0.010464136235895103,-0.00047605948746445945,-0.0009924205299358091,0.0019915386657178083,-0.0001562553600730052,-0.002855280844338815,0.0041271773428982915
Bacteroides_Bacteroides_faecis,-0.0004574409608953747,-0.0015768319648638575,-7.322395311438559e-05,0.004835421093120641,0.007065706146927668,0.009038191055230555,-0.002655579526043586,-0.0036669343352188294,-0.0051790351419564165,0.016761381510315976
Bacteroides_Bacteroides_finegoldii,-0.0019860304682947946,-0.005625884286362312,-0.0009096177770770966,0.004741039142355074,-0.0009795509277334628,-0.009617398187756927,-0.0008430078333656634,0.0017143385461997388,0.0016679518574972032,-3.721018867595329e-05
Bacteroides_Bacteroides_fragilis,0.004227627408767494,0.0015551689532375416,-0.0008424119106693123,-0.001130887919335431,0.00243349148973278,0.006412701165399355,0.013251813726518819,0.0017186536234306805,-0.010917270081690411,-0.005365092411540203
Bacteroides_Bacteroides_intestinalis,-0.00016970907633877518,-0.00330836587887211,0.0050776291094328865,0.003622059868061976,-0.004407626687407462,-0.004078296612012019,-0.0036530295289609713,-0.007511247901142897,-0.0028677949118145105,0.00270172040550753
Bacteroides_Bacteroides_massiliensis,-0.0007997948725346263,0.0010194609421851823,-0.0026580261513724185,0.00017907884413602383,-0.0027174352711908964,-0.011144514952454202,-0.003863815158592508,-0.00539318205406751,-0.008918472901855818,0.0027269496777501444
Bacteroides_Bacteroides_nordii,-0.004705108490868372,-0.010410296423569547,0.0026598235321603444,0.0014064484392203322,-0.0039041787890663235,-0.006709814341535719,-0.008389237971553278,-0.00028698549921571474,0.002553739120683009,0.0033374064620024352
Bacteroides_Bacteroides_ovatus,-0.0012097116534480795,0.0020420388566814644,0.0032965004415249385,-0.00398955698031685,-0.0005014779093816444,0.0002977227647880192,0.0010619954951428291,0.0023086528832848307,0.001491042714099735,0.006795836927449564
Bacteroides_Bacteroides_plebeius,-0.0006571287323263306,-0.007517392394841597,0.0024813710895347546,0.0068724612890435615,0.0029480639591822023,-0.005204016293840774,-0.006403035263652796,-0.00014011854586344497,-0.008769071591986255,-0.0009815108492526809
Bacteroides_Bacteroides_salyersiae,-0.0003001013866039691,-0.002488003539214477,-0.005675763865528808,-0.00282820039493291,0.0018404712416776644,-0.004194591393183755,0.0034342948187825986,-0.002940886779396549,-0.0048094759141003645,0.016474253250783416
Bacteroides_Bacteroides_sp_2_1_22,-0.004669496893972683,0.0018074690388948586,0.0036808999278262855,-0.0010938522871569182,0.0028392492181538507,0.0033034821009629953,-0.0007397292114945398,-0.003806638413085187,0.004359909024397214,-0.00043188861349925407
Bacteroides_Bacteroides_sp_4_3_47FAA,-0.0025683420081082406,0.0011847879211705457,-0.0018394510262468673,0.0004358303191930213,0.003142964796631407,-0.001448158506702103,0.00981565665166686,0.006271889892065434,0.0003212173058858999,0.005976472682856674
Bacteroides_Bacteroides_stercoris,-0.004553240435967033,-7.017371834506726e-05,0.002294032765863783,-0.002919662873743061,0.0003104641079226962,-0.0030429599842190856,0.002682959119076437,0.0054387270825847,-0.001017680501880896,0.008577771726156527
Bacteroides_Bacteroides_thetaiotaomicron,-0.0039613485506872995,-0.003647784191414258,0.004247611472624773,-0.0022935380256216644,0.004337460233382643,0.0010718037427770617,0.008056889354928166,0.003973020473729019,-0.002248772756151718,0.013986296126672921
Bacteroides_Bacteroides_uniformis,-0.0072837116384410604,-0.0030270059752973972,0.00011911754250428935,-0.0013720674900260922,-0.003179890901994351,0.0042587503981497505,0.0030095558342236673,-0.005550289898253011,-0.008341711058829556,0.00399972445229489
Bacteroides_Bacteroides_vulgatus,0.0006199072176443154,-0.0012829462983853992,0.005112283282944443,-0.002799926268778432,-0.005802557436848313,0.0006931368962706034,0.0009527359443671915,-0.0042232560771460715,-0.0011044141079306687,0.009734567146640474
Bacteroides_Bacteroides_xylanisolvens,0.003819078094686136,-0.004080694649960767,0.0010895737434249847,-0.00048726261010680907,-0.0013225603926003597,0.0006020901565664579,-0.00011191664540959662,0.0024726605188415086,-0.01070599857973435,0.0021329875129816314
Bacteroidales_noname_Bacteroidales_bacterium_ph8,-0.007654914412888812,-0.0049884100518454485,0.002769095240990017,0.006455513587647435,-0.006621391169124571,-0.00019661342168990635,-0.005148114206654704,0.0032851862184542823,-0.011646550855373363,0.004892375111994846
Barnesiella_Barnesiella_intestinihominis,-0.008042986596915802,-0.007189044663725623,-0.00420710437453402,0.006678573087976315,3.424376071295815e-05,0.00036008125924494734,0.000625130474791976,0.00642586958043018,-0.0018750916570855775,0.006944363955778424
Butyricimonas_Butyricimonas_synergistica,-0.004406346986282712,-0.010958047444523267,-0.0026601154790588228,0.002642189159673105,0.0018117362112054609,-0.003844379842902433,0.0009751638567349556,-0.008637258461975463,-0.008991557165413167,0.009171444890877336
Coprobacter_Coprobacter_fastidiosus,-0.0037129999184042175,-0.006238744550691157,-0.004476192696210916,0.0008322811119109963,-0.0040646294679909725,0.003500418224847206,0.00019062529250180515,-0.00624669892396399,0.007562705285420913,0.008254311445772674
Odoribacter_Odoribacter_splanchnicus,-0.009090143964255906,-0.0026141601932202184,0.0006337504333192264,0.008076874294079078,-0.006305408895924012,0.0020016925583649335,-0.0009823384906294357,-0.001477282042829741,-0.008974601970714329,0.007760824623352108
Odoribacter_Odoribacter_unclassified,-0.0004074622970026198,-0.0005039529158076015,0.003336803654452937,0.01078580533960017,-0.010066826411449332,-0.004268780556648874,-0.006224489200923421,0.0035012826568998367,-0.0036397370303850782,0.006872025266907999
Parabacteroides_Parabacteroides_distasonis,0.0018621553898436733,-0.004816574862974475,0.00316786128587204,0.0010180882360686092,-0.0053650132833261135,-0.0005661687873488992,-0.0014402462984031425,0.005955790600995312,0.00013113427893795827,-0.0018675122096987041
Parabacteroides_Parabacteroides_goldsteinii,-0.0041667429283051725,-0.0014924126259596112,-0.00026207982027498576,0.009264082908634893,0.003360122289216412,0.004461074499970009,-0.0018860852973235625,-0.004166869935163597,0.0012939651610696106,0.009824249825133061
Parabacteroides_Parabacteroides_johnsonii,-0.0008436132512551794,-0.008677177374980685,-0.0017138138671955144,0.0013640667963896562,-4.434487907721868e-05,0.0009319956826296647,-0.00010921301356251763,-0.0010934257178148268,-0.007577268821545842,0.013090352068999042
Parabacteroides_Parabacteroides_merdae,-0.004218315107704034,-0.00043938141841874065,0.004168789458107612,-0.004546966817171415,0.003377399893600149,0.0012686853428936007,-0.00154398870919361,-0.0014165700191871656,0.007083731658467861,0.008866039019967078
Parabacteroides_Parabacteroides_unclassified,0.004520412360067135,-0.00028337984139300193,-0.0008850443699752578,0.0005886930409612533,0.005828055284448775,0.0019741795754791578,-0.0006995363173517012,-0.003830240477204339,-0.010058975538454475,0.0005286715995592412
Porphyromonas_Porphyromonas_asaccharolytica,-0.004945373373793707,0.0016705490823266751,-0.0006233535072495138,-0.000151463614165126,0.011984395305909903,0.015480419481659683,0.006697696457335548,-0.0009895004584385702,0.0015032005146021648,7.233823846505686e-05
Porphyromonas_Porphyromonas_bennonis,0.0020295274545268738,0.0007109332100449358,-0.005797488813174679,-0.005258726792413818,0.007851812149512633,0.010828678777491408,0.004348944046849063,-0.00397303264676689,0.0028524686496547314,-0.009321574409918296
Porphyromonas_Porphyromonas_somerae,-0.0008239052631125656,-0.0048722041883332064,0.003276862765208675,0.0008061302143854566,0.008090687909950139,0.0069083470741082365,0.0021028032417344158,0.001857666050150261,0.01266625505503646,-0.007460110634910021
Porphyromonas_Porphyromonas_uenonis,-0.0003499017878066176,-0.0013639178671468494,-0.004829002423133574,-0.003471969170817366,0.010039749342819622,0.012239985342752401,0.003953793943139674,-0.0009932036783294373,0.0008991670345940146,0.0019073313821356985
Paraprevotella_Paraprevotella_clara,-0.0029501080501047453,-0.0004774285278282418,-0.0037833800869013713,-0.0027948359611158027,0.003962326050559622,0.0009380675276091868,0.0017888321758749237,0.0007472750521184785,7.20906514851041e-05,0.015188087828294328
Paraprevotella_Paraprevotella_unclassified,-0.0007044533629745856,0.0001658503281155789,-0.002957278444875749,-0.002310647730307608,0.006240562075110531,-0.0012579726601076012,0.0028121676937479397,0.00016916379766480496,-0.0009762501378258017,0.01712115760202987
Paraprevotella_Paraprevotella_xylaniphila,-0.0016390831495387416,-0.002275866747286885,-0.00541252249388897,-0.0022356820315787332,0.0036007352866127664,0.002630032264562425,0.00025469688752766307,0.002909370437740979,-0.0008907913865936996,0.01659745042264133
Prevotella_Prevotella_bivia,0.0005989887255705256,0.0002689761330143606,-0.0008508444883263467,-0.003238454306239321,-0.00043612910122792274,-0.005418484343859709,0.003408235663960209,-0.005595858966444918,0.007363326537412878,-0.009614106655535247
Prevotella_Prevotella_buccae,0.006576308812416304,-0.0011596727975461932,1.9786988942706044e-06,-0.006373745656650703,0.0004887051886743957,0.0002626311027207603,-0.009207598441090441,0.004260442383264586,-0.004099797907986268,-0.002070171469070318
Prevotella_Prevotella_buccalis,-0.0019561673338514877,-0.000964892136800753,-0.005201419140125017,0.002151508819982396,0.0086741982231002,0.011105267355723637,0.003207726795361515,-0.00039767692659461524,0.0029859852344792494,-0.010523116909836584
Prevotella_Prevotella_copri,0.0017858649679305372,0.005622490543182883,-0.006697259522040895,0.007472820787394736,0.007063199861462923,-0.0036085436094693553,-0.00044405697780255406,-0.004808638181604261,-0.006414064290787408,0.013517180778282139
Prevotella_Prevotella_disiens,0.0003408255159114668,-0.0020144220384778616,-0.0018796541438576009,-0.002689777149014041,0.004462423278434055,0.00882065202064498,0.0008252506337883252,0.005208870031448945,0.0059468271456717065,-0.00472574492227386
Prevotella_Prevotella_stercorea,-0.00041041125701469724,-0.0004439182642470021,-0.00014933298987983323,-2.947337117201336e-05,0.0014986547799264568,-0.001863986664877924,-0.005896032344568575,-0.010702567161264366,-0.007441104241565732,0.004401631829381156
Prevotella_Prevotella_timonensis,0.0011876495163192372,0.0005650443300412824,0.0022981177646534926,-0.007104046066163651,0.0061525170802900165,0.005112586630578195,0.0036887226330591613,-0.003141064263425292,0.013171439380082754,-0.0048895969378696304
Alistipes_Alistipes_finegoldii,-0.008775868454649088,-0.0002587476681441935,-0.0031394733751160956,0.0061914729309034055,0.007584796164013019,0.0024157142894442162,0.0025809506009418916,0.0012236670584767795,-0.006149812572359034,0.003422655015836597
Alistipes_Alistipes_indistinctus,-0.008462984946819829,-0.00726785385998877,0.0009964445344218943,0.005051194589785397,-0.002351633198326521,-0.0018196604146296551,-0.0008214743486628308,-0.0003508461757928619,-0.012478891576600199,-0.003534191593566474
Alistipes_Alistipes_onderdonkii,-0.008173750165344594,0.0007983129672196983,0.0007162715119877762,0.005567183094234505,0.006460632626139448,-0.0018625320984113358,6.074636245691503e-05,0.005178692172734881,-0.011685703138478826,0.005207166167892681
Alistipes_Alistipes_putredinis,-0.009904679360480066,-0.0023706886042840743,-0.0012493122216669466,0.004604813902152286,-0.0006598158181115488,0.005260008700924079,0.0015187485976874548,0.008207675983179398,-0.013097715807595407,0.0035347603296642157
Alistipes_Alistipes_senegalensis,-0.0087035271588776,-0.009101080911558555,0.0012715877181310392,0.00666803354637522,0.004430279096501814,-0.0026980325531253467,-0.004766173617351013,-0.0007065538383006403,-0.006885506433145114,0.0058272966269281275
Alistipes_Alistipes_shahii,-0.009752340002839196,-0.002855388025022651,-0.003014985339562426,0.010694974578864518,0.0023494310101979557,0.0031156517306821434,-0.0025126185922751064,-0.0010707241478623466,-0.0070950333237433496,0.007817380112128083
Alistipes_Alistipes_sp_AP11,-0.006121506718633079,-0.0015824546515280891,0.004983265786948762,0.00874315515331629,-0.0009472160330702464,0.0066226532311477425,3.909438669513055e-05,0.000551533455513196,-0.002258025810804806,-0.001853937091045397
Alistipes_Alistipes_sp_HGB5,-0.0005616925325237926,0.0021153373454254045,-0.0018823174816258064,0.001661133708366996,-0.00354954108598114,0.0018422153141938987,0.004491551217838215,0.005384342698198961,-0.0014503812564997183,0.006021253926744471
Alistipes_Alistipes_unclassified,0.0013953637642043753,-0.005018685157627661,0.009476519309722979,-0.009394421130496506,0.0047721115742070655,0.0018378289436713348,0.006297953142417621,0.001009064364690504,0.010127348443858012,-0.006092397077479854
Cellulophaga_Cellulophaga_unclassified,-0.0027480521614070812,-0.001139805299057063,-0.002884152451534206,0.0008517769156675214,-0.0013295066629097694,0.0024119117716257066,-0.0010795119181910492,-0.008222917283380532,-0.001865993112589396,-0.0014239818799728476
Deinococcus_Deinococcus_unclassified,-0.003385680141187631,-0.0032102620506998087,0.001337934345678427,-0.0028507226646630837,-0.006352910405788143,0.0024294603200491352,-0.0023875391175815553,-0.006073125419338928,-0.00022415570622098758,9.08614282498377e-05
Granulicatella_Granulicatella_adiacens,0.011634495354443036,-0.0024520523775012916,0.00018533966405113238,0.0030628815221292686,0.003220968719367913,0.004183582586791428,0.0033177044529272243,0.0035399745802963223,0.007589944495475159,0.0021192705294460416
Granulicatella_Granulicatella_unclassified,0.014471876544377005,0.0037170712426920992,0.0014418391371672694,0.0028738072236184887,-0.0003580757018008813,-0.0016916347852849562,-0.005830930101264021,0.007339843715676822,0.005693112423433976,0.002912614049190724
Enterococcus_Enterococcus_casseliflavus,0.012051658832444937,0.003071750283615923,-0.0004378859132498563,0.0013710218990331982,-0.0002467309820096532,0.003308200399766864,-0.002091017021780966,-0.0009121624347394443,0.007563222937453951,-0.007849315593228583
Enterococcus_Enterococcus_faecalis,0.012294934676490997,0.003061195593882033,-0.0007516570370037826,0.0049701078428659425,0.0019110659335696463,-0.0013112756206738838,-0.004159733397717257,-0.00040490512809866807,0.00556722661179353,-0.0005115703385647334
Enterococcus_Enterococcus_faecium,0.013332278622809453,0.002714573043175341,-0.0005472283974785276,0.005254495982303592,-0.000132158643710067,6.129458870944597e-05,-0.0032204777240375402,0.004206642169096008,0.0034483005737750965,-0.0028199474708042677
Lactobacillus_Lactobacillus_acidophilus,0.01084835921525857,0.0013344111324157801,0.0026605982039085057,0.00627926761312974,-0.0020245063158031967,0.0008971732234783521,-0.006395462765081558,0.001652564460068518,0.0010187004956569493,0.003115133242010772
Lactobacillus_Lactobacillus_casei_paracasei,0.007174951388539557,0.0008935242320892403,-0.0011586247749517322,0.0009887844410867925,-0.005127405818788774,0.006255546212187091,0.001339988562488204,-0.00296652064511509,0.007062161616802673,-0.0022377182998112866
Lactobacillus_Lactobacillus_fermentum,0.012297868559198753,0.0012087216917334304,0.0014888293811196503,0.00678787839282391,0.0030506453134880704,0.0028388484335884535,-0.0041576699441028785,-0.0013373326221268144,-0.001323215039223679,-0.003121480172637322
Lactobacillus_Lactobacillus_gasseri,0.005347269197110284,0.002358144648149576,0.00323774008439346,0.008473693961702779,-0.005051905299428568,0.008465042082335636,0.004379483979668817,0.00567511996973013,0.007781961359185306,0.0030304078641000707
Lactobacillus_Lactobacillus_rhamnosus,0.00848462052964838,0.0044181216236053224,-0.002037723928865857,0.00040523263821146637,-0.0013392686667155745,0.0015801778823832386,0.0039584602032477325,-0.0053342649673905375,0.0059355923550271925,-0.011868524106686333
Lactococcus_Lactococcus_lactis,0.004454870464450711,0.0006041789991904429,0.001768573629058053,-0.006263282666875914,0.0028297712080538953,0.007378197293448034,-0.0029342083166323716,0.0019809110547610504,0.00885015544380149,-0.005397666417125722
Streptococcus_Streptococcus_australis,0.0008023236831234907,8.9977476743505e-05,0.0049925368226245,0.0008429812170297336,-0.006737594721540763,0.005214182889677113,-0.008557634008443551,0.00032495290566435334,-0.00509662995987618,-0.005682454208880321
Streptococcus_Streptococcus_gordonii,0.002657417963719138,0.0031114101530253383,0.0004637265885398544,-0.0022130945206187097,0.0014572643155763116,-0.0019791912825455386,0.0017811143458272367,-0.0028106950438585966,-0.00298657471838182,-0.004080218457184332
Streptococcus_Streptococcus_infantarius,0.0008907991068619116,0.0006545704011669651,-0.0020561171978847196,-0.001149659805928087,0.0027476404262603443,0.0031526020734210193,0.004918171348581769,-0.004355368221263752,-0.00033414925988656485,-5.443419895018932e-06
Streptococcus_Streptococcus_infantis,0.007188004981356298,0.0007921412779302117,7.556985206339785e-05,0.004375409618926657,-0.00460163205222093,-0.00014500177075617852,-0.0010405239139401339,-0.0011387018968511521,0.005614996659323079,0.00288403489218713
Streptococcus_Streptococcus_lutetiensis,0.005548899492373717,0.006225201893110797,-0.0015550114990067708,-0.0011516038016936955,0.003373287433188024,-0.002770942771578308,0.0031730998593335895,-0.000858002512231573,0.003788285662652619,-0.009725696373990194
Streptococcus_Streptococcus_mitis_oralis_pneumoniae,0.013771110040893092,-0.00012148654689468006,-0.0010425992121168904,0.0005548910664925508,0.0021902140641740504,-0.0008681433018627386,-0.0018000634899909514,0.004954682245079774,0.006877575046851281,0.0076619875814207304
Streptococcus_Streptococcus_parasanguinis,0.007935991067578035,0.007049202521729169,0.005622376160218805,-0.0022910348720561477,-0.0026597251433247626,0.0007352235855768115,-0.01254041871566216,0.0060244342978942825,-0.0011890878122075184,-0.0012180634109769997
Streptococcus_Streptococcus_salivarius,0.005533034311258889,0.007967938875736803,0.0022633029652014496,-0.0023455084080582556,-0.0019119304810708555,0.004431413819420481,-0.0118759384216802,0.011296483221238657,0.001082936761832197,-0.0011138071853650522
Streptococcus_Streptococcus_sanguinis,0.005966681446887237,0.0015818840883806988,0.0017105303592245954,0.000986364578569861,0.0004976185934353883,0.007938297279804317,-0.0030478469320443418,-4.755746541131216e-05,0.0015545963366607688,-0.0006510053019496104
Streptococcus_Streptococcus_thermophilus,-0.0020304832838856928,0.0003927337254188265,0.004538708866228904,-0.005796946633704428,0.00023327181458217668,0.003213767623890001,-0.006244372570302381,-0.0024170636661587507,0.006505004864209341,-0.009130688984081795
Streptococcus_Streptococcus_vestibularis,0.00340126981265028,0.0036298519547467555,0.005787265770729347,0.002596455481345137,0.0009443169104020997,-0.0029862232494557595,-0.008100360418808553,-0.007995820358129103,-0.00425260120007657,-0.0005306141104067599
Butyricicoccus_Butyricicoccus_pullicaecorum,0.010989575426082676,-0.001342736157561053,-0.0025322757487673017,-0.003199992423265562,0.0030169916547357002,-0.00322379546185077,-0.002207890563898351,0.007298394803266472,0.00892897571149227,-0.004273060347921441
Clostridiaceae_noname_Clostridiaceae_bacterium_JC118,-0.0008952873662019619,0.0036059219336564705,0.003266115812851403,-0.0042850739020036275,-0.0016820401013864865,0.014116653163851342,0.004521185865837025,-0.008484436317069926,0.009206117586874733,-0.004714727899064881
Clostridium_Clostridium_asparagiforme,0.003866432999640036,-0.00033923130480897353,0.0035503352079228117,-0.005039065920236069,-0.0038065033517568157,0.002197972492080113,0.010024690995845596,-0.008145189533106877,-0.0005514017395871748,-0.0046043686260684785
Clostridium_Clostridium_bolteae,0.00894832475881369,0.00811391000292841,0.002381180803221006,-0.007813158787872546,0.00019507479273377852,-0.0005212280254372464,0.014191082962275718,-0.0061223784608614735,0.0028087333619592854,-0.008964571849419201
Clostridium_Clostridium_citroniae,0.0022180704375388493,0.0032973224253391486,-0.0024886218021786663,-0.006166337897621627,-0.0050870348262886025,-0.005003005514339238,0.004968280355287754,-0.0034189487284699747,-0.0025717142243657024,-0.01047829382110069
Clostridium_Clostridium_clostridioforme,0.012031936344360184,-0.003314857651786296,0.003637550869201238,-0.009059219222004231,0.007429580185417209,-0.007513803081021953,0.012223908650418855,-0.008674008826091052,0.012307393263449548,-0.005300442196057349
Clostridium_Clostridium_hathewayi,0.0077926300898584116,0.00598003682395268,0.0015025995430222262,-0.004514949774042567,0.00922899403780447,0.0010271674938915555,0.008468852203890664,-0.0033561198619020175,0.004851483596607084,-0.013121373030291032
Clostridium_Clostridium_leptum,-0.00975444358571228,0.003737442121753409,0.0019986406547677442,0.0045173713635463675,0.0023550964991764594,-0.0021299330559822667,0.0008527245064091403,-0.002425173336060128,0.004326830941820992,0.004684985720516046
Clostridium_Clostridium_nexile,0.007804097331841029,0.003599947354277426,-0.004511924605058356,-0.003967696763515921,0.004895222672772633,0.0004540816609921447,0.003991228796718697,-0.0027390767888410164,0.008617127693369732,-0.00494386075530644
Clostridium_Clostridium_perfringens,0.009060736743750342,-0.00045647038071399576,-0.0014677365403363873,-0.0022013370232440168,0.00235244708961352,-0.00573364203791009,-0.008103242867993373,-0.0004859356186124408,0.0032243493981574966,-0.005352852131914114
Clostridium_Clostridium_scindens,0.0027451712162951626,0.00369538460322465,0.00303175010108934,-0.004258500505949176,0.003879478020287782,0.004845501528313574,0.0028847498235052642,-0.012492891546346427,0.010531465248640995,-0.00986455010542204
Clostridium_Clostridium_sp_KLE_1755,-0.002473739152545945,0.002480943066493764,0.003634142790200231,0.0012142205899019348,-0.004958746998847188,0.008106691283770453,0.0029024636566907834,-0.009377901708995363,0.0018718355091990328,-0.00812622860121475
Clostridium_Clostridium_symbiosum,0.01017439276474643,0.005704074807665599,-0.002848580878382123,-0.010664168941778811,0.003318137927760592,0.00766828487099285,0.00251630375413038,-0.004210298660825206,0.011030653272643846,-0.01337373450884395
Clostridiales_noname_Clostridiales_bacterium_1_7_47FAA,0.007815080498576413,0.005486612754262882,0.0011413267831093862,-0.004541875792336837,0.0004115688160131193,-0.005881133194668002,0.01461078249999388,-0.006292315550295216,0.01257601813153679,-0.007741262746579029
Flavonifractor_Flavonifractor_plautii,0.008798097222632289,0.002011810368146208,0.0016648245608847304,-0.008282232291374873,-0.002115271280439904,-0.0002752621880521309,0.008474657042159254,-0.006754352930538049,0.0046743222103992855,-0.006018671167572477
Pseudoflavonifractor_Pseudoflavonifractor_capillosus,-0.0059366832076012226,-0.009419738577898833,0.009441122149828252,-0.00037818610093860163,-0.003264213044617234,-2.6687663641099587e-05,-0.005047922624499805,0.008292093003983285,0.0072051674642654735,-0.00645294978796213
Anaerofustis_Anaerofustis_stercorihominis,0.0012012677378847782,-0.00038825712079729554,-0.0014319941126215258,-0.0008025435370254096,-0.004693885675811258,0.002325048146059961,0.002789097863223996,-0.004514545871506454,0.002344853644307917,-0.007007911181771797
Eubacterium_Eubacterium_eligens,-0.004145632231471884,-0.00559642864048282,0.005448102174920064,0.0012409985919272465,-0.0034001907152521773,0.003596074004902417,-0.012359122866916757,0.008837464081646837,-0.004728592632390542,0.007862703761678136
Eubacterium_Eubacterium_hallii,-0.008429326380028669,0.0007759043746386115,-0.004561985737322045,0.0007201709877307185,-0.0005966840322337966,-0.0009272786757219293,0.009071999474715512,-0.0037142554555184694,-0.0007912608146694966,0.004980205481619428
Eubacterium_Eubacterium_ramulus,-0.003501193029094165,0.003893963862181675,-0.011035212375144245,0.0006369377284915934,0.00047887886662321115,0.0009141627064236151,-0.002775479769349379,-0.004830892443311317,-0.007107455736594585,0.003096164383894852
Eubacterium_Eubacterium_rectale,-0.004604191366395427,-0.0023968490575401037,0.0038352009241686236,-0.0031614582530728923,0.0006154000503743783,0.002894941512469296,-0.006656790581843987,0.0018383953922987023,-0.0038824106978738986,0.007869376009421327
Eubacterium_Eubacterium_siraeum,-0.008257982806382487,-0.007457807494822401,0.006508138229663376,0.004086488387074825,0.001226510324210969,0.0014649200708804475,-0.0035750722270470455,0.001964289208045235,0.006948331524606155,0.0011602723507780075
Eubacterium_Eubacterium_sp_3_1_31,0.0013537064134975232,0.002975550975691446,0.005674029427629619,0.0009123547852576883,0.004923813946460348,0.00820030126273554,0.008298156101669844,-0.006161448944015121,0.011865466188383536,-0.017102158405392094
Eubacterium_Eubacterium_ventriosum,-0.0069441273013504945,-0.0014881620565945363,-0.006913403933534288,0.0002540638667580088,-0.0042904809964072034,-0.0028785171642982618,-0.003927081888329438,0.006224534443930013,-0.002574759132219112,0.017022597877311696
Anaerostipes_Anaerostipes_caccae,0.006349077135393766,-0.002053244054461052,-0.0037765787860310567,-0.0046598675379722265,-0.0003744268951432324,-0.005100377148381023,-0.0003743002986515789,-0.001911631376023309,0.009164703511347886,-0.008135907907330634
Anaerostipes_Anaerostipes_hadrus,-0.005516968268854793,0.0009261641240005633,-0.0011315524053276632,-0.0024838394447088664,-0.0030455708632220677,0.004556863747559473,-0.0032201459049854574,-0.0033631349910026353,0.00545842879814634,0.0016179955388749053
Anaerostipes_Anaerostipes_unclassified,0.010141057302589677,0.0015576460411916774,0.001867285342157148,-0.0037970647860756756,0.000727745937802516,-0.003221938680584898,-0.0031552048612376107,-0.0004728562669433613,0.00492837221877341,-0.014924489238004384
Blautia_Blautia_hydrogenotrophica,-0.0063171722084877065,0.002961276539676308,0.000901698342788676,0.003772431669896654,-0.008134381161272583,0.007580001405252349,0.010548666409779967,0.001942556517462562,-0.0002417332349249158,-0.010101914421022276
Blautia_Blautia_producta,0.009320601935045627,0.0021721656126695334,0.005545658953488538,-0.001696836127066115,0.005697511588213248,0.003870800096396126,-0.0012585431676554722,0.0018847720813283538,0.003758123084635178,-0.016686792740891885
Blautia_Ruminococcus_gnavus,0.010912098115159613,0.007509860907373793,-0.001599853073274234,-0.005532839252893938,0.004678108170557222,0.0008008521481016851,0.007697682105215163,0.0027969948513097836,0.007039377554626378,-0.018920924792672825
Blautia_Ruminococcus_obeum,-0.011930740781046332,0.0020889970371029973,0.003009933173732253,0.004036118587428164,-0.011320892775557027,0.01090330237715769,-0.009066577247712022,-0.005778760862118185,0.001254684740412959,0.008502781275670048
Blautia_Ruminococcus_torques,-0.006179846072206104,0.006587926413664958,-0.0013848732126214628,0.0005464676373756155,0.005706373696087377,-0.0014201889300760992,0.004955759749340207,-0.0012335555287667792,0.004556277785979011,-0.01643418175363915
Butyrivibrio_Butyrivibrio_crossotus,-0.005462136483234797,-0.0027511544036997494,-0.002653425846725715,0.004536019070837533,0.0020368524809252996,-0.003233850393481504,-0.0004937586310163702,-0.0013772913513083642,-0.00945104683592869,-0.001727783588680496
Butyrivibrio_Butyrivibrio_unclassified,-0.007526195292372713,-0.005229375038985618,-0.005698279455787467,0.004710255294487484,-0.0029383106620308724,0.0015335735685104454,-5.937172030821027e-05,0.0007748460416441902,-0.007176945664537595,-0.0010363983201685347
Coprococcus_Coprococcus_catus,-0.007912182275223105,-0.0032677102799614885,-0.008009448400605107,0.000644379527776685,-0.008051639208271314,0.000735086717627162,-0.005695417620355569,0.0027847007666715958,-0.011640449533455485,0.004832601201828978
Coprococcus_Coprococcus_comes,-0.006940114136774436,0.002270755334555135,0.00018978200010824462,0.0050849837863006205,-0.009080405442454201,0.0015826534935442695,-0.004562038746015832,0.0014268413772398445,-0.009325580444665164,0.004919505244291455
Coprococcus_Coprococcus_eutactus,-0.006024172681828328,-0.009622432922284053,-0.002965946724076497,0.007979402365926955,-0.0043917585975816725,-0.007348710434472378,-0.004916928030013714,-0.0022814551496804602,0.0007078362362962002,0.004216754796749712
Coprococcus_Coprococcus_sp_ART55_1,-0.002240525290378576,-0.001698298761741109,-0.002931441971286316,0.0036839301471046216,0.004316167009394223,0.0017916674279103003,-0.002634095962391202,0.0036145756153697535,-0.005839049552480916,0.005919602070496945
Dorea_Dorea_formicigenerans,-0.008342263424103772,0.0010448398379313472,-0.007373303760109498,0.004526731358013553,-0.010528079725247679,0.004468457836397374,-0.003239217740071132,0.0020422621894776957,-0.0020062506274116988,0.012701333564558085
Dorea_Dorea_longicatena,-0.0026788662880988393,-0.00017124034852729166,-0.005447701073231808,0.003192400457381035,-0.005269764226294201,0.0008227228238379626,0.008234059942085063,-0.0013160970443746912,-0.005448656882968506,0.010510491702763605
Dorea_Dorea_unclassified,0.002697917241038131,-0.0038174203914584704,0.0003968594543139609,-0.007437758028525227,0.003255035332376356,0.0027057600904934432,-0.006520450218352176,0.011208289055046559,0.003137395906213308,-0.003816551096194048
Lachnospiraceae_noname_Lachnospiraceae_bacterium_1_1_57FAA,-0.003410261372837086,0.005235270081107643,-0.002985911359890414,0.0028054784196292824,-0.0006597395270801512,-0.0062477345370355675,-0.0007250249209194069,0.007116071128633237,0.0030551829006587646,-0.012613005532028345
Lachnospiraceae_noname_Lachnospiraceae_bacterium_1_4_56FAA,-0.00035620144069164035,0.0005059091098064162,-0.001166802143284843,-0.005901149560830828,0.0010202758305434359,-0.00027974379190334373,0.007744059021692676,-0.002456121836026617,0.008372656443981986,-0.01630844851240326
Lachnospiraceae_noname_Lachnospiraceae_bacterium_2_1_58FAA,0.0024866213318048246,0.00754826963254311,0.0007885834518910665,-0.003918133059219144,0.010534575431460788,-0.0007024004787749656,0.005292929489926225,0.0047537582104516946,0.005302031177847467,-0.01362834646309703
Lachnospiraceae_noname_Lachnospiraceae_bacterium_3_1_46FAA,-0.0069914114757627715,0.0004290951181030911,0.0008211953872685561,0.0012208777367829853,-0.0029228659189514125,0.004159002951098513,0.009189748325453773,0.005366892634891885,-0.011492822899309588,0.004533716098630669
Lachnospiraceae_noname_Lachnospiraceae_bacterium_3_1_57FAA_CT1,-0.0032167937403922912,0.0068751767237691585,-0.0019615661313470696,0.0005243100625822859,0.004904457773403538,0.001073052831718308,0.01277556001748673,-0.005374574933999734,0.009144171984108922,-0.01307251107890285
Lachnospiraceae_noname_Lachnospiraceae_bacterium_4_1_37FAA,0.008292260141586337,-0.002968420695418119,0.0025364921266176287,0.0019760822335602715,0.010437423086027194,-0.007430777866034016,0.007612892725115589,0.00853755407862769,0.004953301811313915,-0.0002422306148953309
Lachnospiraceae_noname_Lachnospiraceae_bacterium_5_1_57FAA,0.004491326391977366,-0.0008681291575085178,0.007664666545901886,-0.008128354845109492,0.005785613560281776,0.003349980994995735,0.012538467330611553,-0.015535401081899398,0.00566887436916585,-0.012907422364605297
Lachnospiraceae_noname_Lachnospiraceae_bacterium_5_1_63FAA,-0.0015896786996419372,-0.0004631134127760023,-0.0018113864119769288,0.0008144286327458302,-0.007177066659043249,0.004986055491388583,-0.0009638041318987059,0.003642956984981082,0.001300346401922899,0.0008145993665342923
Lachnospiraceae_noname_Lachnospiraceae_bacterium_6_1_63FAA,0.012418453352163437,-0.0005989296832130584,0.0004109850624136445,0.0023157599670694355,0.005588075150976028,-0.009614410915805992,-0.0018678525849048133,0.004473982046207833,0.004952365933630712,-0.003981743213090038
Lachnospiraceae_noname_Lachnospiraceae_bacterium_7_1_58FAA,-0.008377209545033647,-0.0007618801147290558,-0.000965653769124698,0.0026507513765469076,-0.0018247339924571987,0.0013234900834974562,0.002722918236166962,-0.004821119481969137,0.004361891292113587,-0.006409213140410473
Lachnospiraceae_noname_Lachnospiraceae_bacterium_8_1_57FAA,-0.0019806423430499052,0.001259999562217962,-0.0026375096937435592,0.0023779068037618613,-0.0077096021146900095,-0.004028121547733338,-0.010259570944546416,-0.002474944593963256,-0.006999861499756246,0.008562989130538674
Lachnospiraceae_noname_Lachnospiraceae_bacterium_9_1_43BFAA,0.009036904320321348,0.0015478955988386888,-0.0001416890228208206,-0.003490923541420548,0.0072607785687532145,-0.01041037078542182,0.0020931502855137544,-0.0047998711593242,0.008953981432379096,-0.01695253354052609
Roseburia_Roseburia_hominis,-0.01011905085746171,-0.004247490002665625,0.003526306467827714,-0.0033049758122043753,0.00178709045286862,-0.004266066163982377,0.0008522857796791337,-0.00669672553796986,-0.0008496833566940748,0.00046714443309629126
Roseburia_Roseburia_intestinalis,0.002430988525088039,-0.0025317381120643525,-0.005806747745280175,-0.0068217500000206585,0.005198757237137302,-0.006515331520837113,-0.0110280400781711,0.0018267784446784337,-0.0016519908255918294,0.0016201587806738552
Roseburia_Roseburia_inulinivorans,-0.005719540395034609,0.0028896621351869405,-0.005346413508882241,-0.009330465834273282,-0.0012675564477635463,-0.008131314566869942,-0.007362523533948205,-0.005468816976438981,-0.0034103552614820295,0.002677804858606732
Roseburia_Roseburia_unclassified,-0.0050090658443811805,-0.002400671146951946,-0.006543822471315647,0.0019673825937385086,0.0032432367142565624,0.0011988906364443458,0.0022289347946354223,0.002292350244123364,-0.004467394579570515,0.0028886084934065417
Oscillibacter_Oscillibacter_sp_KLE_1728,-0.003586371636401917,0.003794644147968514,-0.003690171738054496,-0.0022514020195878574,-0.008550694904741361,0.00340030061088646,0.013296927818516421,-0.009009475117523674,0.0030699345985221466,-0.00695920878111179
Oscillibacter_Oscillibacter_sp_KLE_1745,-0.005167955376757572,0.0007664383662268268,0.0011912811413395648,-0.0030253592259889754,-0.001613569867111419,0.008027289576710828,0.0086045813687224,-0.006558913264395989,-0.006669675538796354,-0.008565871690742577
Oscillibacter_Oscillibacter_unclassified,-0.008459477852336519,-0.0019143035595433503,0.0032632629139573636,-0.000796267311266231,-0.0021081227208383153,-0.0038608071857822225,0.0001891900535166621,-0.008592972958490281,0.002316307342712715,-0.0020466769827517774
Peptostreptococcaceae_noname_Clostridium_bartlettii,0.00721323504096852,0.0033017467391580646,-0.0018671017143390433,-0.007953575207840142,0.0004154314229116597,-0.0020302982961079028,-0.00020714712698529294,0.0006003127268993028,0.0024611797586804526,-0.012076069133336668
Peptostreptococcaceae_noname_Peptostreptococcaceae_noname_unclassified,0.004156372241763626,0.007485292790192279,0.0004449516521390566,-0.0038595169370490793,-0.0004376762075836925,-0.0026179430177496266,-0.01219439085477717,0.005164404566757942,-0.006565490761064978,-0.0008508505254949649
Peptostreptococcus_Peptostreptococcus_anaerobius,0.0018095124321883982,0.0003549680870624507,0.0032725829610556582,-0.0033218780691719827,-0.0003484872747645876,0.0016673716494242637,0.0014649630708554033,-0.001885223071334703,-0.0015263382800620748,-0.0041970422654132805
Peptostreptococcus_Peptostreptococcus_unclassified,0.0016187499959603884,-0.005634537559101533,0.0015940632014323918,-0.005363484718608339,-0.002729323542697194,0.001770138802112301,0.00020031580007534838,0.0014427768101532312,-0.001401179586387171,-0.007680577208925068
Anaerotruncus_Anaerotruncus_colihominis,-0.004831439786867181,0.0056785188474437025,-0.005602951168245387,-0.005376724696486439,0.003678904687560974,0.0058398409920000435,0.013568159027164675,-0.006317541236711437,0.005205651274528688,-0.01308367262919387
Anaerotruncus_Anaerotruncus_unclassified,-0.015060934805090376,-0.001347328638271246,-0.007836527716466027,-0.0006739193993317261,0.0028712194951164747,-0.0024402896974153147,0.0010692101754758176,-0.0035991631884067232,-0.0028967763106075802,-0.00888860669408878
Faecalibacterium_Faecalibacterium_prausnitzii,-0.009224658024472763,0.0008586462447265781,-0.005422055803112592,-0.0037349857935255913,-0.011522359280454166,0.008219940446629197,-0.013104303716318854,0.001921420213656935,-0.006832410887223087,0.007735239961888128
Ruminococcaceae_noname_Ruminococcaceae_bacterium_D16,-0.006856491565765527,-0.0038067378604080574,0.006066246507307277,-0.005489879849755245,-0.002396229989757877,0.00042119620454521105,0.007108042014381764,-0.0006573386139061951,0.01367148339997107,0.006231582824745509
Ruminococcus_Ruminococcus_albus,-0.006920340843468784,-0.0006468889100167529,-0.0023349114504695604,-0.0010628254028415666,-0.002717917551810946,-0.0034733282856652587,-0.007701603480301023,0.008954314522619944,0.0006456963468965196,-0.0013849881637474722
Ruminococcus_Ruminococcus_bromii,-0.009878220972097628,0.0023028995460735694,0.008125228383005757,0.0054540642018714525,0.0009487390258437135,-0.007284154377316903,-0.006207805690203721,0.003674949410770538,0.0010688608865411873,0.0002225776737005464
Ruminococcus_Ruminococcus_callidus,-0.009834436081318268,-0.0012494870051482866,-0.000847239714874911,-0.0009521787712758867,-0.0029453580168275727,-0.006532216407960469,-0.005520862825951992,0.010211695952529935,-0.006090280944140572,0.0018063791960453107
Ruminococcus_Ruminococcus_flavefaciens,-0.0029981397248549984,-0.0014959062891077143,-0.004261625165768864,0.0003634831436084048,-0.004216299834255284,-0.004042944568781479,-0.005778888914966731,0.006347788423927253,-0.008025056661901248,-0.00017552903902343038
Ruminococcus_Ruminococcus_lactaris,-0.004885057573224157,-0.00421506761205382,0.0038454815700221905,0.006896924634955363,-0.0034069527703756266,-0.001848357687150424,-0.001511819105186204,-0.003678022305085989,-0.0022302987140112125,0.007321100075152586
Ruminococcus_Ruminococcus_sp_5_1_39BFAA,-0.005118638998531043,0.009494864516856884,-0.004001755246773015,0.004912697352687132,-0.0030361390422585276,0.001453708920849943,0.00670470112872785,-0.00482238503167264,-0.007369574318744763,0.006936358220290053
Subdoligranulum_Subdoligranulum_sp_4_3_54A2FAA,-0.008734027522785764,0.0028466888795374277,0.0010878530114644084,0.004406563528566465,0.0006764655713448694,0.010010318559514465,0.008356784595684124,-0.0008973134139255303,0.009236706849932655,-0.001974127262804585
Subdoligranulum_Subdoligranulum_unclassified,-0.014490992573959834,-0.003194251928256161,-0.004183929948748276,0.007246980685334313,-0.004131883393399955,-0.0012787959860451439,0.0033794587090639734,-0.0031981087187484825,-0.004478725680092262,0.0011526504810308743
Coprobacillus_Coprobacillus_sp_29_1,-0.003749157880257784,0.0028913897807348534,0.0025071798338319232,-0.005761276525519729,0.007419990744368026,0.008087125050617053,0.0034517623293378436,-0.0028571680077376133,-0.0033569559639145775,-0.004085657483683225
Coprobacillus_Coprobacillus_unclassified,0.012037326207855366,0.0006618582178363943,0.004610955215107551,-0.006545830786251939,-0.001145005868351562,9.070076802778113e-05,0.005518165420034675,0.0010169245108662634,0.012599519196226408,-0.008385783384618968
Erysipelotrichaceae_noname_Clostridium_innocuum,0.003797439730759873,0.0035117184966936455,0.005214085832748827,-0.0013861874231934617,0.006550091457386899,-0.009545505280269345,0.00038754719394199335,-0.009632653929512897,0.007283348243474398,-0.008587130819549326
Erysipelotrichaceae_noname_Clostridium_ramosum,0.011417571020890725,-0.0003313577382428388,0.0025094226953237208,-0.0060181092503831975,-0.0007834016553103571,-0.004484348434953051,0.004398931951540582,-0.001009411455069431,0.00952753691189629,-0.010065146334869012
Erysipelotrichaceae_noname_Erysipelotrichaceae_bacterium_21_3,0.001968569151389867,0.0009398470945748621,0.002288505935638728,-0.002948785248363576,0.00502134459420603,0.0032373012852038277,0.002188650305322508,0.0063241736480775124,0.013007928808099997,-0.014982798857560747
Erysipelotrichaceae_noname_Erysipelotrichaceae_bacterium_2_2_44A,0.0009039587727971017,0.002506827401988486,0.002436868306417283,-0.009081631828264191,0.006750329616906888,0.0017621252092766908,0.00041258420177426463,-0.004713210554206347,0.017089692442932725,-0.010520536759997118
Erysipelotrichaceae_noname_Erysipelotrichaceae_bacterium_3_1_53,0.0011881770291663181,-0.00024543128678983727,0.0012475810431140327,-0.00626967917937593,-0.008941306839653577,0.0036286754762481976,0.0028689967003946064,-0.002189476693702725,-0.0015094940997303957,-0.005049847437100093
Erysipelotrichaceae_noname_Erysipelotrichaceae_bacterium_5_2_54FAA,0.0020657647008598583,-0.003844398394214303,-1.3611851598275012e-05,-0.0034781783708379057,0.0004950598173278278,0.007564108589128613,0.003943076229442689,-0.004687535605068984,-0.00014104534879891354,0.001555540330458954
Erysipelotrichaceae_noname_Erysipelotrichaceae_bacterium_6_1_45,-0.004266589851075855,0.005922747549930443,0.0034407090445175335,-0.0055371366650390184,0.006482387445921471,0.00519433083731447,0.0065114536743940315,0.002078332318855622,0.014349655358689968,-0.006528686991528743
Erysipelotrichaceae_noname_Eubacterium_biforme,-0.003195693822946951,-0.0011008500411319982,-0.0024192438163592313,0.006141195913203164,-0.004014077687597187,-0.004836059880801144,-0.006238344969505436,-0.0042424128758121816,-0.008961386728397512,0.003617617028916567
Erysipelotrichaceae_noname_Eubacterium_dolichum,0.0036865091188085833,-0.002904484864891358,-0.0058270869187588056,-0.005804404872049844,0.0008857879639107359,0.0018728402472088298,0.0027255937398500043,-0.005879197308060681,0.011623362458806082,-0.006440443646251601
Holdemania_Holdemania_filiformis,-0.005956972488281854,-0.000581073206565647,-0.005130851491426002,-0.0020082178230251876,-0.00974647117155334,0.009227378468411538,0.006013911656103731,-0.0013406727242556524,0.008052982297152277,0.004630284426693848
Holdemania_Holdemania_unclassified,-0.0049135962009925005,-0.005014489334152245,-0.0060254996989756,-0.005477742362126323,-0.006556841021565686,0.004957505244425564,0.002657547837957187,-0.003171559035508867,0.004137430089402649,0.002863661323276267
Turicibacter_Turicibacter_sanguinis,0.0030117888984688944,0.0038862671643480045,1.5523297758257426e-05,-0.002517541954949815,-0.0017329038012100523,0.0017331264301891894,-0.0049108961215710905,-0.0041255611799052,-0.0036652841584073853,-0.005264600864363523
Turicibacter_Turicibacter_unclassified,0.004153262295505731,0.0013103381992202931,-0.002522363050111852,-0.006072438613604422,-0.001233809302732979,0.0025100657518651423,-0.007537289312184691,-0.0005437904010803364,0.0013491763434012938,-0.004311538439347883
Acidaminococcus_Acidaminococcus_intestini,0.002015960978444485,-0.0020453376420620523,0.002911688384918516,-0.005707820494129967,-0.002613629212908185,-0.0066305745612976535,0.007017128354725315,-0.008700376355807806,-0.006812241554777671,-0.004393772457293729
Acidaminococcus_Acidaminococcus_unclassified,0.0039668243240877045,-0.003042923966933684,0.011815740861111965,-0.0038523072453163407,-0.0018741902272199757,1.168941815878905e-05,0.011230123392956632,-0.005282591431287147,-0.006293120262084953,0.0004475590548627624
Phascolarctobacterium_Phascolarctobacterium_succinatutens,-0.002488972730909331,0.0002294700576848202,-0.0029846164292704077,-0.002219693154189231,-0.0010490072354993826,-0.001886118551510795,-0.005452836409318423,-0.006692845446675402,-0.0024197693583271167,0.0050207184060606135
Dialister_Dialister_invisus,0.006521555581618245,0.004352540860112714,0.00027605614616759116,-0.004633281383064939,-0.003762370314869694,0.002647450582897797,0.006155926556620053,-0.003398293637014895,-0.006134377753441201,-0.003930284882957553
Megamonas_Megamonas_hypermegale,-0.00031856454117646613,-0.0015248888885275379,-0.005938190853465123,0.007133416957622536,0.0011009112874737722,-0.0017865495466395762,0.004799254240033624,0.01109381980499638,-0.004231000435328394,0.005537708328556867
Megamonas_Megamonas_rupellensis,0.0006389372011787427,-0.0018513249668978677,-0.0057087154572191615,0.00483940415515295,0.00023149405435197656,-0.0023949963919211305,0.006589444688657833,0.01026424147714018,-0.002978500880365675,0.005198911247954157
Megamonas_Megamonas_unclassified,0.0032976723336219285,-0.0008491249741817584,-0.006562251939323229,0.007355587561610997,0.0015375282868165798,-0.0031783172438573756,0.001854446777087995,0.010502724794497003,-0.0021021370510353786,0.005626227851321475
Megasphaera_Megasphaera_micronuciformis,0.010730910843944135,0.0022218052768765316,-0.0018132882955128324,-0.0036868068691223244,0.0024679127197521676,-0.005582488066457693,-0.005748741039150205,0.005364128748508652,0.000566621212896106,-0.00765658645761929
Megasphaera_Megasphaera_unclassified,0.003884647978486581,0.005118417615386266,0.004631758182486014,0.002727955141626982,0.009750196495552007,-0.005200638372227259,0.0033421774156440743,0.004133023811291887,-0.005195740281952352,0.002421339123333155
Mitsuokella_Mitsuokella_unclassified,-0.008285686792111691,-0.005281294723259808,0.0013261088755065166,-0.0004164092648193437,0.0027851126100106923,-0.00017710281856540884,-0.0032103419081506678,0.0012985804952092722,-0.004541445271288417,0.008056617596969233
Veillonella_Veillonella_atypica,0.009743732385701698,0.004318417716237433,-0.0009764555345806763,-0.004727178869520703,0.0021314018905792065,-0.0023877917018380306,-0.016231877764405694,-0.0014468907776313377,0.0016662361897500243,-0.006112334661199208
Veillonella_Veillonella_dispar,0.0083640142763938,0.005781012418686144,-0.0044859803185904575,-0.0075781579977906915,0.0022552943934569455,-0.005366909579476456,-0.015386570896768221,0.001372811154019964,0.00447415347092282,-0.008918706091457897
Veillonella_Veillonella_parvula,0.009200347308739247,0.0078061684256074985,-0.003460197757827117,-0.006331091243939674,0.0017577222616439708,-0.00247089726867123,-0.015541057153417356,0.0017545637607566972,0.002510997778825425,-0.005890359475257454
Veillonella_Veillonella_unclassified,0.005125637352405328,0.004829332371090351,-0.004492212115298163,-0.007133883940453278,-0.0006938062047409268,0.0018032636190267956,-0.02031750938951233,0.0022272491976343305,0.0022226616561546713,-0.005390223018680873
Fusobacterium_Fusobacterium_nucleatum,0.007548193524600749,-0.0008098553842191933,0.002770625973279278,-0.0021423897517308136,0.0020037077041448713,-0.0032826800723416974,-0.004981787665179289,0.0011881295092754924,0.0016751112574477523,-0.0005589838207845952
Burkholderia_Burkholderia_unclassified,0.005295379104526069,-0.0014086548050188646,-0.0014070164091029447,0.001503241281297898,-0.006772722217216731,0.002791842962006822,0.0004010124017233097,-0.0005749325302311585,-0.001262553077540031,0.01184510744941283
Burkholderiales_noname_Burkholderiales_bacterium_1_1_47,-0.002307540422455245,0.0008950849650023782,0.0020480524290833703,0.001309317004109451,0.006137947263885203,-0.006257283656861177,0.0019472651854403385,0.0027415907898427553,-0.0014929313609207478,-0.0038028446488135932
Oxalobacter_Oxalobacter_formigenes,-0.007353811199780177,-0.0044069096743337465,-0.0047096863333278395,0.0038093347293259913,-0.0020754848832242514,-0.012502629693339377,0.0015250638680300444,0.00013621939216337128,-0.009497189167294137,0.010035988858097745
Parasutterella_Parasutterella_excrementihominis,-0.005422993217960903,0.0009514426437628482,-0.00013193201833698278,0.0015895200080244798,0.00416860179721729,-0.0083576415169571,0.0052346055332792496,0.00501235360279482,0.003214408119341721,-0.004651166755274712
Sutterella_Sutterella_wadsworthensis,-0.002533872122629566,-0.006081023209437445,-0.0040748612781336055,0.005152083444026603,-0.009744574382673128,-0.00010028894065235204,-0.008367630585943149,-0.0019249105839035812,-0.006937753519984054,0.013590389552790964
Neisseria_Neisseria_unclassified,0.00831347934405971,0.00039631528317331314,0.0016391683812579977,0.006563648032535707,0.001046577516358727,-0.004103656730872165,-0.0020970191632747647,0.0005967668651145417,-0.0018028907939568433,-0.004809920680721812
Bilophila_Bilophila_unclassified,-0.004278752789442264,-0.0005435569321961622,-0.004642118092958819,0.0008592975667368343,-0.003449607765812346,-0.0027718954583772332,-0.005521280893256854,0.006044149822832229,-0.014910719003550702,0.003408835287305696
Bilophila_Bilophila_wadsworthia,-0.004429205681381089,-0.0005230356057230033,-0.004356735281462983,-0.004498314595329954,-0.0037072411588477874,0.0010550672860541442,0.004128691077451665,0.003096916967722977,-0.011067291110086142,-0.0027785327828807656
Desulfovibrio_Desulfovibrio_desulfuricans,-0.007244316627483182,0.0007625310239663209,0.0018267984199440768,0.0005003706800209432,0.004391586380847978,-0.007819606117248058,0.003276044576732992,0.0038723613109955925,-0.0029736346662430214,-0.00024349049173283613
Desulfovibrio_Desulfovibrio_piger,-0.0036503851576925542,0.0025903765273643073,-0.004102006097692316,-0.0018714225023609176,0.0006849855407416097,-0.0005043324926294244,1.2423874768970766e-05,-0.005538573943750205,-0.004645367293652067,0.008164193511768782
Campylobacter_Campylobacter_concisus,0.008218018000059142,-0.0006975007082736971,-0.004813146365362672,-0.0008230550501482411,-0.0013335302724530543,0.0015875490911115397,-0.006032793872154714,0.0036080678711567097,0.00175982657303163,-0.005030757208979141
Citrobacter_Citrobacter_freundii,0.011239657996359129,0.004734733707172608,0.0012509898915784852,0.0026528448637812632,0.0016459464309103995,-0.00656636349051831,-0.0033896556102620936,-0.0003223683956134522,0.007297620310678444,-0.011877797573895555
Citrobacter_Citrobacter_unclassified,0.011596590189379497,0.005499024324838191,0.0014616370883662074,0.0020286529698537448,-0.0007752362098356939,-0.007330785864106168,-0.00460083767486886,0.0004474197492498903,0.006457316487831439,-0.014248241982294073
Enterobacter_Enterobacter_cloacae,0.0034151034048110758,0.0017566970657996023,-0.00397278966056729,-0.0036311419853934435,-0.00452328907516449,-0.006491361395477565,-0.006703077436825699,-0.006510165451118742,0.0018807324703749306,-0.008863714418568912
Escherichia_Escherichia_coli,0.01266574071244806,0.0024817093286871638,-0.002714969846727416,0.001346245658221165,0.0031122239930007852,-0.00811121470339497,0.008062447755910335,-0.000586488928603633,0.0032140225436058647,-0.007587965649392768
Escherichia_Escherichia_unclassified,0.007518780772236032,0.0012267500571230428,-0.005557413808131001,-0.004047207251989141,-0.0043950813435246604,0.002032462820823866,0.007539961074838417,0.002718205590532538,-0.00048505189313500195,-0.003976036511663943
Klebsiella_Klebsiella_oxytoca,0.011807804912475232,0.003433343134011419,0.0005003122396077076,0.0041902727041740785,-0.0015290716459287726,-0.009510068369108695,-0.001800101099751096,0.0029947969123462715,0.00883053662656646,-0.007651455034021562
Klebsiella_Klebsiella_pneumoniae,0.010855105271421191,0.001938441874994925,0.005405141908361016,0.00028566076142690517,-0.002332437304646443,-0.0072709320140080785,-0.004529241574183082,-0.006824950184613033,0.004349675361732238,-0.011536030491083957
Klebsiella_Klebsiella_unclassified,0.005210966983992476,-0.001220149186614134,-0.0004330609713146738,0.0008337522237677141,0.0004673577802733638,-0.013484170557274104,-0.004260116306751271,0.005820812256060066,0.0005330341851080278,-0.00526341835526025
Morganella_Morganella_morganii,0.01483649842004622,-4.285721022315631e-05,0.0015554742625152722,0.006354928573217765,0.00028762469485465965,-0.0042415986269623415,-0.0033061916051869977,0.008259474475684005,0.002200720842273813,0.0031932419594380757
Pantoea_Pantoea_unclassified,0.01309127964040053,0.004340555003217747,0.0013725228455716933,0.0062581346203354656,0.000267031886172207,-0.010401969872898674,0.0006741739844116395,5.539894436391352e-05,0.006679697540197387,-0.00888939345231504
Proteus_Proteus_mirabilis,0.013938410595094047,0.00044744334406572226,0.002214798592362373,0.008390095075129184,0.002284752510362354,-0.003303348446949545,-0.0005231617833135465,0.0059559712936800195,0.0050588857779000915,0.0004276936109173202
Proteus_Proteus_unclassified,0.005975414028035905,-0.003682528145139443,-0.0013850431871368506,-0.0028149880431637426,-0.004373542606004525,0.003795312108387305,-0.0018802372781415546,0.0025712166204248394,0.0005577351473588969,-0.00028991306944405303
Actinobacillus_Actinobacillus_unclassified,0.003468370730383489,0.0015220070221744271,0.0015414394151407474,-0.0030816204314876956,-8.20246858413536e-05,0.0040276612377218865,-0.015871818199039104,0.006652279277241501,-0.004337728232710885,-0.0024798426247435827
Aggregatibacter_Aggregatibacter_unclassified,0.007049705854664511,-0.001769205066593938,-0.0017352660751401533,-0.0024713275637768773,0.0006783042073117118,0.008085555263565043,-0.004521759657876697,0.0015320719275202016,-0.002018391137780771,-0.0017748339772527134
Haemophilus_Haemophilus_haemolyticus,0.006748269183474171,-0.0031157930926130734,-0.0009451467329605333,-0.0043990697103334295,-0.00157521489930278,0.005026775525619253,-0.005433275691832377,0.0025920191218006105,-0.0044223181481106546,-0.0024919254947633513
Haemophilus_Haemophilus_parainfluenzae,0.005407006340990576,0.006156850896961853,-0.0034705141109085385,0.0008000584859562254,-0.0013698375594813858,0.00618997315750923,-0.02084632495650448,0.0009273597286713793,-0.003257364640154981,-0.0062643919596606715
Haemophilus_Haemophilus_sputorum,0.007169335527401871,9.611321195525136e-05,0.0020037440181884638,-0.002512746088520623,-0.0056641096675618275,0.0048917488283263325,-0.007606533822454733,0.0010349559429339357,-0.002885493231914706,-0.003958221299912905
Pseudomonas_Pseudomonas_mendocina,0.01215554273319838,-3.68554314177584e-05,-0.001634813193952612,0.004682284734265647,-0.003043079667187667,0.005659607445067264,0.00160785476531121,0.0029160764836593045,0.010364665727758347,0.0003032318106175217
Pseudomonas_Pseudomonas_unclassified,0.002820336234187634,0.006227142066968935,-0.0025726719805201233,-0.0008666109772214496,-0.004213553881462123,0.005590413444250476,-0.003351811121593913,-0.00035925998150038613,0.00037874104575187146,-0.002215984740315114
Akkermansia_Akkermansia_muciniphila,-0.005223458946227814,-0.0012178594639930536,0.000812854116483194,0.002105843094177093,0.011152749990813027,-0.0057882856383907515,0.003598113736708618,-0.002151798299108582,0.004552398870167322,0.0029394226619004625
Saccharomyces_Saccharomyces_cerevisiae,0.007582781145110709,-0.0013705247624076276,-0.003576996533229948,0.00024946007692603993,0.0008302772386200262,0.005510893045076636,0.001882664867900479,-0.004773595690859544,0.007273930885436872,0.00022891169331746991
Epsilon15likevirus_Epsilon15likevirus_unclassified,-0.0026665502736422275,-0.0005369927642311917,-0.0007242987181905903,0.0019102666570195044,-0.0015701258737114206,0.0021912074371551985,-0.0012704936132550072,-0.005612767728276445,-0.004236838909053458,0.004123672829509356
C2likevirus_C2likevirus_unclassified,-0.0003369616259436665,-0.0007527831569182275,0.0023876613569147115,-0.01156006266289765,0.003983759616063462,-0.0002989936552268264,-0.0025741790515599284,-0.003275681709725649,0.000711682654256436,-0.0015708153605967932
Siphoviridae_noname_Lactobacillus_phage_Lc_Nu,0.004212530745622248,0.0003313292383474486,-0.00237128911753383,-0.0001824263882654368,0.003427562579842487,-0.006721158701539238,0.0019509983497891276,-0.0007107966099272227,0.006636334869493629,-0.006147873538819955
Siphoviridae_noname_Lactococcus_phage_936_sensu_lato,0.0003014093835461434,0.003221828498305057,-0.004481376958730525,-0.0006109421975731806,0.006795520063656353,-0.0033973738731115145,-0.00018956276380950387,0.008042435372429296,0.004393296547500312,0.01168135107608132
Siphoviridae_noname_Propionibacterium_phage_PAD20,-0.003098681400799851,-0.0016576593118576971,-0.003842600394297687,-0.001659023059727829,-0.007449801649476373,0.003682573185804832,-0.0016633508714642864,0.0022486367142708842,0.001516069294781472,0.0013893664817310155
Potyvirus_Dasheen_mosaic_virus,0.009063801021565801,0.0010078383313176776,0.006616182789915494,-0.006335057688760023,-0.005781616985083872,0.004904189800317383,0.0008117334773684725,0.0018062129878953007,-0.007546655716382731,-0.010115254219423888
Gammaretrovirus_Porcine_type_C_oncovirus,0.007582030060513719,0.0036677207128696216,0.0007318555973530071,0.005750054027346707,0.010159933171550107,0.0027813386547843794,-0.0034490316329916313,-0.00029786843861865064,0.006400916218395328,0.0024444931516542606
