SampleID,MOFA_0,MOFA_1,MOFA_2,MOFA_3,MOFA_4,MOFA_5,MOFA_6,MOFA_7,MOFA_8
Methanobrevibacter_Methanobrevibacter_smithii,0.1563173922847767,-0.007593424664004962,-0.007894482782674576,-0.03655121402673338,0.03760305068753343,-0.1554912525546941,-0.005151768785937031,0.12482224579330845,-0.03588198744960568
Methanobrevibacter_Methanobrevibacter_unclassified,0.1737765632121936,-0.009996078214008006,-0.004374360093236906,-0.03316155066277495,0.037001881595627506,-0.23093701409401693,-0.011148830152248157,0.15459530080501988,-0.04282367298652775
Granulicella_Granulicella_unclassified,0.08777255456942745,-0.04464576365465031,0.01924709876658629,-0.003574916082487408,-0.03378743585366865,-0.03652010840311652,0.053300980271445815,-0.010098853301754192,-0.09494647004631639
Rothia_Rothia_mucilaginosa,-0.10480035481715197,0.04067218767754765,0.0005751886879082073,-0.02611284221166103,0.014872405663547606,0.09643190119860076,0.023185588946321632,0.005400924845751613,-0.07992768362098902
Rothia_Rothia_unclassified,-0.02047374974109677,0.015248867219878252,-0.013565900029832394,-0.01855818515413719,-0.025549008433890238,-0.028885722550976784,0.07873751773566344,-0.06951520083913616,-0.0722867573444655
Propionibacterium_Propionibacterium_acnes,-0.030287719381329237,0.0043022052055859536,-0.0054353039769171165,0.007778861840429101,-0.023650195068346935,-0.07467816246036069,0.023207332233573533,-0.0266809527257371,0.04898663767637857
Bifidobacterium_Bifidobacterium_adolescentis,0.0061374615092287515,0.0013914316452035126,0.0028322536459974663,0.03166073986843594,-0.06968574863625396,-0.00884850957154813,-0.0169599041636009,0.03253432135864177,0.09156068304046516
Bifidobacterium_Bifidobacterium_animalis,-0.11095548224803754,-0.024192500480538455,-0.011362394908439183,-0.004614811242004086,0.010895998600968074,0.13533499475569685,-0.003259335847861071,0.020470061359410076,0.020373062060261914
Bifidobacterium_Bifidobacterium_bifidum,-0.06265405392030463,0.01537973062366551,-0.003207837765654882,0.026075778518103995,-0.0349491486344898,0.09720111782646203,0.010919965204274337,-0.03131384698684259,0.04839003230117868
Bifidobacterium_Bifidobacterium_breve,-0.19063007157059345,0.023606130230305104,-0.01733060726967527,-0.00423317402135655,-0.02242187946414841,-0.05661053691275914,-0.017651027110599488,0.006610255368677624,0.037426798639650274
Bifidobacterium_Bifidobacterium_catenulatum,-0.0121556767118912,-0.001636290167805934,0.018718334094057317,0.048384449252792554,0.017482011622691796,0.10652046034988946,0.029612736732565988,-0.03090609406407163,-0.08951264416303699
Bifidobacterium_Bifidobacterium_dentium,-0.21312093548834665,0.005325360723120331,0.0024339490806459274,0.025428047119143777,0.028529567908467238,0.06962390445721216,-0.015562167000649971,0.0952943712491042,0.08665827094387897
Bifidobacterium_Bifidobacterium_longum,-0.020857400427361714,0.04499583143084273,-0.005540016104325956,0.05479417473533224,0.02358642554951885,0.04059211490702945,0.008002316185691952,0.14857979731680324,-0.011765371626275795
Bifidobacterium_Bifidobacterium_pseudocatenulatum,0.0002374607702680285,0.07725583135769776,0.007792641486843385,-0.008355198026826535,0.09864557984197361,0.08425121590991622,0.044898191723522676,0.0021460612030437995,-0.026670687529822604
Scardovia_Scardovia_unclassified,-0.029099839902456442,0.014735159505404213,0.015117507707353598,0.046431965696069916,0.05512463796297115,-0.151049166880591,0.009165309028387456,0.08649066119986239,0.03225503354212997
Adlercreutzia_Adlercreutzia_equolifaciens,0.2000667549126804,-0.05580812886428242,0.005107034812230367,0.02413679254516423,-0.015806327277451203,0.06448539876875897,0.0437073606555742,0.06872509923109146,0.021562011685456926
Collinsella_Collinsella_aerofaciens,0.1310804208846623,-0.01796292248828143,-0.004711756386360438,0.1348023264597239,-0.011278913255620446,0.026132620351409477,-0.020324393702407614,0.024271920572186193,-0.016105424353628016
Collinsella_Collinsella_tanakaei,0.02105010531473906,-0.018553497077567167,-0.012781094582317553,-0.013144220156968646,0.01928666055732154,-0.04644252315832261,0.038862531221684496,-0.03393623341877631,-0.01845831796150187
Collinsella_Collinsella_unclassified,0.010701615713414365,-0.016374056792403276,-0.00465323656574933,-0.018142096011947797,0.02792361320158608,-0.14156909344273413,0.02877010701231464,-0.11054602105797078,-0.03065245615137049
Eggerthella_Eggerthella_lenta,-0.03512555153978415,-0.007235367151225569,0.0077297980866867875,0.015274999985113183,-0.016772524039197042,0.06111210489881884,0.005570995543555714,0.01274201697099499,-0.0373334908997455
Eggerthella_Eggerthella_unclassified,-0.03985701717248251,0.016719517574976604,-0.006519024363114299,0.015667825350150773,-0.010788450204529065,-0.01188931484469319,0.004322922670508359,0.03158382967496585,-0.13285439848028482
Bacteroides_Bacteroides_caccae,0.2090038171304666,-0.0029144825647253116,-0.01602623223348222,0.017948082872684658,0.009946779188867475,-0.0048593724321049124,0.047051943420795515,0.05450490089392991,-0.014708833216250576
Bacteroides_Bacteroides_cellulosilyticus,0.052762918645801536,-0.12318113330877632,0.0037965459877833743,0.05588654583702058,-0.06038044687270309,0.05435113389859737,0.014051776962711721,0.125929708740786,0.09626097560544873
Bacteroides_Bacteroides_clarus,0.00632232240820835,0.003021664787226829,0.0024720393050494836,0.034964688336720035,0.023316849471245918,-0.023897672753809877,-0.013033942239426752,0.022683149968715507,-0.027430837452405484
Bacteroides_Bacteroides_coprocola,0.003057790469496922,-0.04776210136026329,-0.007472008372756883,0.03807670415201827,-0.032312586540234424,-0.06319453679770702,-0.03584943408111632,0.032497317739483514,0.08567968347730788
Bacteroides_Bacteroides_dorei,0.15979019615646642,-0.05564312234812072,0.01201372289994232,-0.0003920198091671892,0.034159159505624676,-0.1214921868637799,-0.001605563081586755,-0.009995908646309823,-0.002530746836143126
Bacteroides_Bacteroides_eggerthii,0.00763993186838983,0.011113094634302715,0.022207480179364046,-0.053217983271830235,0.007738341567835627,-0.05336221866592605,-0.0694645016983929,0.022270172597025108,0.1750522930312143
Bacteroides_Bacteroides_faecis,0.0118628659338856,-0.0071565080243863495,0.00517582537007592,-0.032398822621472916,0.10234346578023959,-0.04554069185477739,-0.02512224522792831,0.0330398763567606,-0.15166102505028956
Bacteroides_Bacteroides_finegoldii,0.013229512898691956,-0.06400957976492293,0.005742663229056321,-0.024440335021713225,-0.04853053046514225,0.012059494684050195,-0.014441560956474423,0.051741278092959316,0.14439321922303142
Bacteroides_Bacteroides_fragilis,-0.030480361842595595,0.004968167631228956,0.010589998139154634,0.007829753444957021,0.07898214616167329,-0.42438950271562426,0.04266438657603224,-0.2318161878264738,0.020566676577711607
Bacteroides_Bacteroides_intestinalis,0.005932451658623831,-0.05264424558684989,-0.010339978614103884,0.04787931528311942,-0.0012714996519014392,-0.004030838026122248,-0.052125372225206065,0.01297262220578653,0.013650558406723863
Bacteroides_Bacteroides_massiliensis,-0.00044894638610337397,-0.005139724843370257,-0.009485866710879504,-0.008519162562535302,-0.07761805496197009,0.02029275419521026,-0.053689666083388474,-0.09883749120770881,0.054988171722617996
Bacteroides_Bacteroides_nordii,0.08823149306232604,-0.17651153869490535,0.0031899480870732134,0.007313289885330881,-0.046611342625182524,0.18128386880063815,-0.025498970220856565,0.07014757588501953,0.035776660164268635
Bacteroides_Bacteroides_ovatus,0.0035886245736599337,0.012307416360911802,-0.010316164482498289,0.03433281995974029,-0.012312363534209092,0.0066317382077562504,0.025721044337184647,0.015939906947144207,-0.06061772785388276
Bacteroides_Bacteroides_plebeius,0.011012988934665733,-0.14893047589386657,-0.007032334938025298,-0.033671192045368926,0.011995169577219652,0.011918451689983778,-0.02431834805982689,0.00896613066251553,0.09236115829633307
Bacteroides_Bacteroides_salyersiae,-0.0010022505137937047,-0.004184312580220951,0.025213078609277975,-0.009381177485151562,-0.03836415669465453,-0.016966394680731155,-0.018302832004944033,-0.026107291662240857,-0.050000480326458506
Bacteroides_Bacteroides_sp_2_1_22,0.05065506638645798,0.005397509761615788,-0.013963386196052755,-0.0069343534110680866,0.0008061109557750539,-0.0313636467310738,0.002467746687027248,0.02635253275631836,-0.13385263391702082
Bacteroides_Bacteroides_sp_4_3_47FAA,0.010895022423807212,0.021121567312282003,0.010181526418832347,-0.019596835711236597,-0.022844646161647678,-0.1659786838591292,0.047470143764518344,0.021714605869832475,0.01736471686293969
Bacteroides_Bacteroides_stercoris,0.033300550816525526,0.0011255906198412843,-0.00445385845245235,0.009717634411301116,-0.03837972300384274,-0.022791169901059335,0.047646087335894344,0.030769872482890114,-0.01633158702865588
Bacteroides_Bacteroides_thetaiotaomicron,0.038059716476340884,-0.019860704240801136,0.005857934922253257,0.009639626282723034,-0.00992041233074803,-0.11922519776354269,0.0727227798009858,0.051060943904070545,-0.07536947649591771
Bacteroides_Bacteroides_uniformis,0.1967577785118405,-0.015887472157256152,0.006475706005884575,0.038962905385513745,0.014585569030859334,-0.041119206275765534,-0.0009179803922593223,-0.10392342773420023,-0.032624473639949546
Bacteroides_Bacteroides_vulgatus,-0.0011120839186802075,-0.015527888742412855,-0.0026690137315651783,0.09488767395138636,-0.003859803875860285,-0.031009345294609386,-0.006171687812885138,0.0019876872008662847,-0.05457290582791631
Bacteroides_Bacteroides_xylanisolvens,-0.021406964160231527,-0.042794896994971916,0.007517254193451675,0.022345659396199334,0.03041910542846284,-0.0013460564318690659,0.00701535606790995,-0.058795818835630204,0.03190011800429755
Bacteroidales_noname_Bacteroidales_bacterium_ph8,0.22255412076591624,-0.058295770080749265,-0.0033256562287201567,0.0341590347711092,0.028326713736445675,0.02236324586160585,-0.020018855231899422,-0.003911992268066565,0.150479775060057
Barnesiella_Barnesiella_intestinihominis,0.2119774363458547,-0.03051112359037101,0.04031216931033776,-0.032843849478060815,0.002631125351831704,-0.007638735489228875,0.006948614283328449,0.08041050156218299,0.12181294810292781
Butyricimonas_Butyricimonas_synergistica,0.09484901151754517,-0.15562920852066175,0.033590607098784434,-0.02522550302549057,-0.03358777280074765,-0.05474005885868572,-0.052719652610155,-0.03773571263767989,-0.024725082194368517
Coprobacter_Coprobacter_fastidiosus,0.07086984186356503,-0.0189860350034409,0.0382233238625343,0.01597192344118611,-0.010889251445486909,0.02713843545287157,-0.0448853955873084,0.03880875568722758,-0.04856253932087953
Odoribacter_Odoribacter_splanchnicus,0.25630828516579296,-0.012904878580609349,-0.003151038747344985,0.03326356355715616,0.026026628912774206,-0.043809817150835935,-0.05766858308539982,-0.005014972966993257,0.09293319991963979
Odoribacter_Odoribacter_unclassified,0.010117645773072786,-0.012994099293507352,-0.016251173944341318,0.05374927808617518,0.011425357412688924,0.02583109229989971,-0.07553671420582696,0.09038453734152117,0.3186863984148339
Parabacteroides_Parabacteroides_distasonis,-0.005628289775874479,-0.0441455576928946,0.008589459215483958,0.053612468515519054,0.014661375383634611,0.05090391785072996,0.011975253358160458,0.04313283820193151,0.06759641568447704
Parabacteroides_Parabacteroides_goldsteinii,0.07315365865470237,-0.003983605566336851,0.0011313776707057553,-0.03573364507565313,0.04404447948080898,-0.05057284475846821,-0.05362602935947072,0.11619245009290327,-0.029980399614271448
Parabacteroides_Parabacteroides_johnsonii,0.014913753969630968,-0.08099540179419756,0.03267688224980466,0.007295701549348139,0.009386357884295525,0.008184975371381712,-0.013385932478730034,0.009069032233348946,-0.018381649627813895
Parabacteroides_Parabacteroides_merdae,0.034305269233806605,-0.0062301633579650816,-0.00585664781563303,0.0025912128246300668,-0.014363324654226363,0.009747172338698972,0.030670009504246334,0.05878218732687681,-0.1957904522926749
Parabacteroides_Parabacteroides_unclassified,-0.044388937658707994,-0.010036055586027296,0.0033472984086941357,-0.02139695287300862,0.04758598776921899,-0.037636930544023076,-0.01428591465782198,-0.07983431416092766,-0.04778165455326629
Porphyromonas_Porphyromonas_asaccharolytica,0.09549587234548183,0.03080138774313838,0.007089387217122162,-0.08323698467914553,0.12694376453429398,-0.20895889959797911,0.05940367710267815,-0.000900821690665228,-0.2996094043248716
Porphyromonas_Porphyromonas_bennonis,-0.012673021818485987,0.024699972735528087,0.022687837143888237,-0.058678163582643966,0.04370022565030957,-0.009496007329308519,0.03710698685592248,-0.08947987789977917,-0.13920951126834283
Porphyromonas_Porphyromonas_somerae,0.00821304594598204,-0.04031647259221577,0.006597220449241153,-0.03608828586671249,0.043747671816312846,-0.021027773086140178,0.04647576001376934,0.1366838933495995,-0.07554063705350063
Porphyromonas_Porphyromonas_uenonis,0.005766415660326402,0.008772180489770942,0.02816887529490079,-0.07465402134835442,0.06071912214300124,-0.03226493482032456,0.03901333373126462,-0.03470161052196489,-0.19291997067468375
Paraprevotella_Paraprevotella_clara,0.015133543369323849,0.014562543613896575,0.014963085182866378,-0.020719603229834273,-0.029606496531343666,-0.004452307546088821,0.014344887032136542,0.019592171181987666,-0.09703292369955728
Paraprevotella_Paraprevotella_unclassified,-0.002378558692758331,0.011482407123130704,0.010513096110440824,-0.030871013488507928,-0.02918344210664891,-0.03430439307585067,0.012422340351970014,0.019482570978736232,-0.10530014591281009
Paraprevotella_Paraprevotella_xylaniphila,0.008745214893309589,0.007694442458528509,0.028922860298488024,-0.022028175669628235,-0.011529151330361294,0.029123766416623287,0.014518400917361262,0.022159562045307397,-0.06407449739627805
Prevotella_Prevotella_bivia,-0.010412656097373452,-0.0011915894421873552,-0.0006175874958723743,-0.00877928885257339,-0.05482381160739925,-0.009988644470017186,-0.005088169478218495,-0.018260747516297127,-0.008226576014169512
Prevotella_Prevotella_buccae,-0.12113137614890472,-0.014208654186324589,0.002869209715020737,0.008829498024234387,0.02737375014121812,0.31947059538153405,0.020991717843325458,-0.059706391603497444,-0.019062303891319066
Prevotella_Prevotella_buccalis,0.021485093384108218,0.008741526981022976,0.015422913470957504,-0.11723617608519114,0.0747536962299507,-0.03552809445412673,0.02079693270817501,-0.016272863436693992,-0.03226099651490013
Prevotella_Prevotella_copri,-0.020074498219332854,0.04909777468787245,-0.0018193493508351232,-0.12603847399567913,0.0063916578972891425,-0.09912383436993706,-0.0885718179258592,-0.02376441118172217,-0.000316526619583319
Prevotella_Prevotella_disiens,0.0012873576932522241,1.1498201126932802e-05,0.01586873472265673,-0.022702199961602974,0.0519429410482826,0.029344074635874025,0.05253281370013891,0.01605374342867507,-0.03951756119983791
Prevotella_Prevotella_stercorea,0.003930917700276914,-0.014553537947115147,-0.004869961796048135,-0.010480116486681151,-0.0044216606739038,0.006326427264241005,-0.061917786134987926,-0.06231135047322159,-0.0922922726415344
Prevotella_Prevotella_timonensis,-0.014729118554547886,0.0057022417968336445,0.002978522922187265,-0.008169275276566428,-5.4893609873781974e-05,-0.011696735129398157,0.044865257674423016,0.036244715143586494,-0.28452850574852445
Alistipes_Alistipes_finegoldii,0.20814285292758689,0.005551317121777696,0.00018600478090416314,-0.10353211500794933,0.0247475662459493,-0.117023039504191,0.005856807788684187,-0.0076442564390965155,0.011455617164944473
Alistipes_Alistipes_indistinctus,0.23940524851870146,-0.10685303030212828,0.003956323730528982,0.003983774099902769,0.013399858868085437,-0.03069245305047407,-0.015120743699317832,-0.06332150876149602,0.11755578661982591
Alistipes_Alistipes_onderdonkii,0.18181606484330773,-0.003201835339418283,-0.018822399856143018,-0.06645701070172844,0.020204462387914655,-0.07574161832656456,0.02048692016642655,-0.018058153665834496,0.050421082724360765
Alistipes_Alistipes_putredinis,0.2759360067970844,-0.004368362185744922,0.003625611772398078,-0.0019466811703434937,0.06987396282833114,-0.04231155172559739,0.032236647990866237,-0.048248119362163576,0.12077124280440628
Alistipes_Alistipes_senegalensis,0.2344671276906338,-0.15873135548185283,0.0014565495084947287,-0.05425100141920292,0.013191961446877936,-0.0008739915534143898,-0.016825318103135874,0.028933921489486442,0.02927145058602555
Alistipes_Alistipes_shahii,0.27076899414997735,-0.010317819700022414,0.005168202452282675,-0.0518306300217228,0.06672435224303784,-0.04512468887059809,-0.06268710491341406,0.024180116556254884,0.046959610680508065
Alistipes_Alistipes_sp_AP11,0.17075844927249575,-0.010814686575372311,-0.010841700559205289,0.012848525222957513,0.07655976978811485,-0.07480787505079702,-0.005016571373018655,0.07565432004067264,0.03777466068567835
Alistipes_Alistipes_sp_HGB5,0.0045002094769058375,0.02709696353831016,0.0019474605544237266,0.016931403666374287,0.0040718586918067476,-0.024816892877491916,0.007232359115256584,-3.5944921417621185e-05,0.07092075643434682
Alistipes_Alistipes_unclassified,-0.01343562286345979,-0.06787074104595356,-0.002170561247902014,0.033825771140196255,-0.012551162601157129,-0.015486013798599539,0.14384363774310294,0.06971722778482187,-0.21769243987936054
Cellulophaga_Cellulophaga_unclassified,0.031937113697110706,-0.0021461204183407193,0.004928881816878874,-0.0064274968446140605,-0.0026713901748748824,0.00037425689569505,-0.040796523962229006,-0.04536483596713277,-0.028130800128009822
Deinococcus_Deinococcus_unclassified,0.04817503273159153,-0.015149254603093429,0.00464666894230805,0.05652772641084844,-0.011275120124024908,0.046265236465292896,-0.024521709143142445,-0.02282187305203418,-0.05186196189416693
Granulicatella_Granulicatella_adiacens,-0.2688905699760445,-0.014007521441425749,0.02816995900927703,-0.01025901997668572,0.06223649464705509,-0.03244934271616778,0.010982883858586128,0.1829819590708205,0.002543219776438052
Granulicatella_Granulicatella_unclassified,-0.3620469257264266,0.017118539527787448,-0.009234516235306262,0.0050555498270329876,0.0395740464576668,0.1256311260683653,-0.009698393630354605,0.19510489876138232,0.08702000688182382
Enterococcus_Enterococcus_casseliflavus,-0.28652977397641893,0.016237502761032363,0.00188350615565891,0.003847210291546752,0.05437230719390711,0.028940726133966713,-0.020839116386667956,0.045615519192964804,0.001006281917148167
Enterococcus_Enterococcus_faecalis,-0.29757337076813545,0.007369879181798997,-0.0023942341944802633,-0.023284715300113588,0.04404459273377639,0.01956386314592854,-0.058417113986005,0.08176580995926402,0.021831655164261863
Enterococcus_Enterococcus_faecium,-0.31298178742260807,0.011373652312727566,0.0004689825557854304,-0.0014401774690359114,0.07510101218154486,0.035308648470098014,-0.02618185761001127,0.09864981465535763,0.1202468940337881
Lactobacillus_Lactobacillus_acidophilus,-0.23714067922609677,-0.0021127403004394412,-0.00858804834545367,0.02443022400054803,0.087684020240921,0.05660253222534157,-0.04038883077495082,0.12721335500739506,0.06337942479466632
Lactobacillus_Lactobacillus_casei_paracasei,-0.1263513382233386,0.012852720971192463,0.01452497418647294,0.03534477122139844,0.030583261650059094,-0.0009551355013303558,-0.026890908748899506,0.036789856855562686,-0.004477610960927016
Lactobacillus_Lactobacillus_fermentum,-0.2638859007418919,-0.01017329256384471,-0.006574762538624883,-0.017512893243678253,0.15272980585668933,-0.006541355142197723,-0.038751294513478286,0.032447449337634465,0.04627061535446515
Lactobacillus_Lactobacillus_gasseri,-0.04909025528995036,0.028504957499098225,0.0034483804734697135,0.05607253077587847,0.1146303615780536,-0.08825912509039095,-0.006995647502854663,0.26430788628455154,0.07151966936641509
Lactobacillus_Lactobacillus_rhamnosus,-0.20263369313340754,0.029021816804082022,0.00525407059718314,0.0003369166611928204,0.010947582203003818,-0.0769318950686594,-0.026746398934523623,-0.02352270399615819,0.0006109260183451868
Lactococcus_Lactococcus_lactis,-0.05649521687913907,0.007054778318331638,0.0015249254579132836,0.009400211375841428,0.03527647010075055,0.1116345341192589,0.04135081358672911,0.024972008821891746,-0.11027376417029366
Streptococcus_Streptococcus_australis,0.002659621791637712,-0.010334721175448806,-0.01444048750414427,0.06273216126014138,0.04295260244724671,0.09820308648267208,-0.012268715365366225,-0.01786907315227864,0.02418217364007781
Streptococcus_Streptococcus_gordonii,-0.028955876093275174,0.011591030537752277,-0.007868612367265744,-0.0055229996180267225,-0.010640829959141793,-0.035517174762243,-0.0014071248083770064,-0.04818558225254768,-0.01201380733139635
Streptococcus_Streptococcus_infantarius,-0.004255908138678389,0.005281382157305809,0.007233825837433014,-0.019575541903855964,0.007129558910480739,-0.09662962365292968,-0.007909962873071382,-0.045486333217225026,-0.0548899656897899
Streptococcus_Streptococcus_infantis,-0.1446140934097543,0.002465773555477964,0.005264045525552618,0.014514845447779484,0.011296250347978064,0.0003981096341089657,-0.049486689526638435,0.0888948263225805,0.03857556087434332
Streptococcus_Streptococcus_lutetiensis,-0.13904123384169023,0.03924111583682118,-0.006954762920715265,-0.0337462058003102,-0.011720560379083901,-0.06732953556529826,-0.0028109539320908816,-0.03846107457762237,-0.004533894553893147
Streptococcus_Streptococcus_mitis_oralis_pneumoniae,-0.33960913390746184,-0.0034516669092243047,0.01573508252689354,-0.008447965004986195,0.02745855373607656,0.06641174472050747,5.362662741361482e-05,0.1494372299055059,0.009915803439295635
Streptococcus_Streptococcus_parasanguinis,-0.20456634933480608,0.040899973885504745,-0.05221677759262975,0.042405456556764365,0.02512076853212249,0.3443130818585264,0.016315973747013546,0.043916672026615325,0.010416911906951203
Streptococcus_Streptococcus_salivarius,-0.11857404736219822,0.10193925055544557,-0.027889135644949745,0.02516858102041996,0.04956713315866003,0.3903752224677401,0.039101354407373404,0.055598414806775326,0.030116444307392187
Streptococcus_Streptococcus_sanguinis,-0.07927377391078358,0.007748245039600456,0.00019147361619921457,0.013278835000427838,0.0891788292224238,0.021148014436664062,0.0009383858372631869,0.033280446031141164,-0.026622923607769165
Streptococcus_Streptococcus_thermophilus,0.011217149110451472,-0.005489407423567655,-0.012716873096984386,0.0153905581349879,-0.0004945122817662875,0.11216137393091624,0.02811860724431807,-0.0007239673675927724,-0.1022343078417697
Streptococcus_Streptococcus_vestibularis,-0.030626824436037845,-0.007014303312495998,-0.04848059872708269,0.008698160082745062,0.023920102343808904,0.007133733293099889,-0.060107845388577906,-0.019659880908387457,-0.03405791980192257
Butyricicoccus_Butyricicoccus_pullicaecorum,-0.28071986739525107,-0.007562250474948185,0.01742949414214931,-0.025238509715816815,-0.007818079961321275,0.1487234276534711,0.026218339711964578,0.04986341281158672,0.02063773864139075
Clostridiaceae_noname_Clostridiaceae_bacterium_JC118,0.008462628328032962,0.04629402138088569,-0.0037330122828251643,0.05451440477761924,0.03734067897830387,-0.036446700055030506,0.0054680860046300815,0.00864434682646814,-0.29408488877986955
Clostridium_Clostridium_asparagiforme,-0.03638647151983198,-0.008150398760182549,0.0014752735978202458,0.08918677463993492,-0.005155653325917436,-0.16371206756462606,0.0020696269451898094,-0.08532422274446731,-0.06674328868646749
Clostridium_Clostridium_bolteae,-0.25253586686380625,0.08768062054122099,-0.012334757130735906,0.047642318930324355,-0.04296399057031898,-0.3472183494169453,0.030809660987770007,-0.13925791087390135,-0.09940275617766647
Clostridium_Clostridium_citroniae,-0.02261123140351589,0.019557393773252323,-0.0043788502513830135,0.03235711380798865,-0.04160552628085869,0.0004906598901165335,-0.0001420940628147143,-0.20000855167988565,0.039927903038633764
Clostridium_Clostridium_clostridioforme,-0.34871059306669705,-0.10195274279080634,0.016240378572621145,-0.007195069018875833,-0.17007461205190022,-0.30666628411883673,0.02490010999628979,0.009918549043028014,-0.416477602252911
Clostridium_Clostridium_hathewayi,-0.22026755392445452,0.03326892731145295,-0.01118388367851312,-0.04127431011157579,0.0015451871537273613,-0.1995207668071365,0.04052506905002349,-0.04830616657044447,-0.12175182513351422
Clostridium_Clostridium_leptum,0.2109395169603002,0.025395966756352882,-0.027324436977628576,-0.022968884113040648,-0.014139250971317076,-0.056418555357429366,-0.01311392937110192,0.07126062401485196,-0.014932455134215762
Clostridium_Clostridium_nexile,-0.21383546335244366,0.033297857741959605,0.01239271191628533,-0.04914711384066395,-0.01710238319758676,-0.03452633288034565,-0.0013703865250465307,-0.01681830688773102,-0.06966523805930876
Clostridium_Clostridium_perfringens,-0.22568258184186257,-0.01702125799552899,-0.0008222843415314906,-0.03019269663064121,-0.012365157610885786,0.18789142136220308,-0.022192374027141065,-0.0066318830878681,-5.550841221202577e-05
Clostridium_Clostridium_scindens,-0.03274071935137534,0.014499961378145144,-0.007449836585072676,0.0005558112085638185,0.0063375306735300885,-0.07199132119082137,-0.01621814586934981,-0.007804614580005217,-0.3138667882119451
Clostridium_Clostridium_sp_KLE_1755,0.030364509149589772,0.018191594595552037,-0.009824289727118022,0.06339150676726958,0.022589414267857613,-0.05190530628868217,-0.02107735074950795,-0.009382259897747647,-0.04413514402871845
Clostridium_Clostridium_symbiosum,-0.26738460480423865,0.08950907127108551,0.011159634202215274,0.0036352443677959228,0.011487472535233781,0.04379273860861643,0.030442517278115963,-0.07111050311500464,-0.30065654013721654
Clostridiales_noname_Clostridiales_bacterium_1_7_47FAA,-0.23660015267986437,0.04046053532259586,-0.0017712460168710239,0.020127599678518966,-0.11061615155946047,-0.3452888136268183,0.005806368373462282,0.001686719319362268,-0.05791618665963548
Flavonifractor_Flavonifractor_plautii,-0.2247509975970213,0.007588140370487074,0.005895944094345939,0.0466768061975335,-0.031058363641415523,-0.0807405365308298,0.005036972648290854,-0.06679136990203284,-0.12665783500409591
Pseudoflavonifractor_Pseudoflavonifractor_capillosus,0.14477513808829284,-0.15382744118372588,-0.004281364655701237,0.0431159036404586,-0.004466476585178975,0.13885527473549833,0.07046009360543183,0.2279322887462142,0.024269707217300717
Anaerofustis_Anaerofustis_stercorihominis,-0.003431576895443978,0.0003674567143493611,0.006243722194927242,0.022365070840100528,-0.0033426817571391315,-0.01425328032299152,-0.017793619475085645,-0.041655234668747335,0.017937007811509507
Eubacterium_Eubacterium_eligens,0.09574920981504689,-0.05269682083780823,-0.006871589862518208,0.042429701611265476,0.05417229189942143,0.34529249427535563,0.02804369073744578,0.08708257461189249,0.026355720857012658
Eubacterium_Eubacterium_hallii,0.18561819140691047,0.020211156848236357,0.0065890626325762845,-0.009936003800355203,-0.039824170053686984,-0.17201325772277704,-0.010264948965385504,-0.039515169402697455,0.001719490537084893
Eubacterium_Eubacterium_ramulus,0.035202396809915076,0.06822722143096642,0.0058976989129201525,-0.06006352875693646,-0.007823085490183207,0.043887625991138865,-0.044197835117026706,-0.1853637759093029,0.02383235984033566
Eubacterium_Eubacterium_rectale,0.07582017183373048,-0.01815074455662609,-0.013703838050720292,0.013224426732040207,0.01272303595760074,0.11838206579328993,0.031515530494838316,0.003009037153587862,-0.0430334435713136
Eubacterium_Eubacterium_siraeum,0.2123469492993768,-0.09671220034314225,-0.0035506549453858506,0.005046274048139452,0.007511200172525308,0.029168676375233477,0.01880011083288665,0.2765847602752308,-0.02123638903074524
Eubacterium_Eubacterium_sp_3_1_31,-0.00774136093749252,0.008312921953345835,-0.010358486303319484,-0.0018626714632783469,0.04788489415773332,-0.26258219778065406,0.019391748040746195,0.035143758116632624,-0.11433064043915749
Eubacterium_Eubacterium_ventriosum,0.1398445806611033,0.01706841120267821,0.018868969299003994,-0.005963198367304382,-0.04158272668092332,0.12527069362468837,-0.01202959919283282,0.022233285470813696,0.050391829572038464
Anaerostipes_Anaerostipes_caccae,-0.14174638400914463,-0.00928100271460159,0.01350205724347472,-0.009365166635195883,-0.05102771666147679,0.08260133483150076,-0.0038478320929576947,-0.004185709825675664,0.012198546299095928
Anaerostipes_Anaerostipes_hadrus,0.0962948260096409,0.019919130578715822,-0.0021147641922819615,0.020159714573469645,-0.0040542042893437664,0.09193639279359216,-0.0015901016222926137,0.005139289671502837,-0.04655190482650451
Anaerostipes_Anaerostipes_unclassified,-0.2572176711137558,-0.0037752791153222477,-0.006615733078823986,0.004508794527525048,-0.00559211692831817,0.07653552030670856,0.009019505218978813,-0.013850923509336295,0.00042163626699768506
Blautia_Blautia_hydrogenotrophica,0.16115187680539472,0.05103303037139975,7.960364954932958e-06,0.06953784978189982,0.021441877322564407,-0.2484412947003711,0.009618273647706371,-0.01476157321526658,0.10628618437054733
Blautia_Blautia_producta,-0.22403024121769655,-0.007456069269551752,-0.01609852349063231,-0.010764376519234644,0.06799467084068737,-0.003391694340381855,0.04320490717814551,-0.0015847230409516229,-0.0349714381986019
Blautia_Ruminococcus_gnavus,-0.29751683329235956,0.09590249825567096,-0.0029620537983047666,-0.027779305079292983,0.0013935227536899593,-0.0538794456076711,0.070978659076785,-0.060063819861353146,0.0012538637614857174
Blautia_Ruminococcus_obeum,0.34472122560539586,0.0527554179344873,-0.024809503176850264,0.21667105867776054,0.08009316764745275,0.17795401138449013,-0.136233192255359,0.05369839451642576,-0.05974898020165137
Blautia_Ruminococcus_torques,0.06840215860072096,0.06134891515680335,-0.024115999595661533,-0.07832999511394845,-0.0206545312246185,-0.09037180568372151,0.018907896956342422,-0.04119385579054276,0.012849631290667273
Butyrivibrio_Butyrivibrio_crossotus,0.09256448399172004,-0.011860523993978956,0.005215569760911311,-0.04243286217336283,-0.011783244261941873,-0.028467780506813315,-0.013134038799847675,-0.026778092284877677,0.05510056504181953
Butyrivibrio_Butyrivibrio_unclassified,0.2024490048031127,-0.014435273404001735,0.023376867152783507,-0.014195514583514252,0.001149084529287836,0.01132793966398059,-0.024419161277920196,-0.037502907697757284,0.12549678570342573
Coprococcus_Coprococcus_catus,0.22345988678002984,0.0008950913561195375,0.020612357339696536,0.01699017395137669,-0.00409197851891865,0.185247222706037,-0.030653894353474775,-0.1446144308185742,0.15697612429057362
Coprococcus_Coprococcus_comes,0.18495725656169898,0.024566696459525944,-0.018371030394438954,0.06924120838960712,0.014622122135972788,0.04114329315289357,-0.03282227067709783,-0.027725635209241442,0.15216119293025474
Coprococcus_Coprococcus_eutactus,0.1535636619302052,-0.12814092563083002,0.024197043690198906,-0.017501878539926744,-0.052974763857618824,0.04484933324788035,-0.0916928885538326,0.07791055734037962,0.150281621532527
Coprococcus_Coprococcus_sp_ART55_1,0.02048949069329234,-0.0009025273343735806,0.009964217244417917,-0.04477608042080741,0.02457304189625651,0.010135434464404286,0.0076472476114151765,0.01710602455043496,0.017461105338684117
Dorea_Dorea_formicigenerans,0.22757377464796502,0.06667000779144963,0.01626313529750497,0.032597074720232946,0.005523672270261212,0.07380432762998448,-0.07363483999239799,-0.0002268892229800558,0.1002806348811539
Dorea_Dorea_longicatena,0.02762046071222874,0.01970560823144648,0.016469460330151085,0.015279414099809097,-0.01816499281494346,-0.1285061708174651,-0.02366795509591674,-0.02454320496505303,0.061235390937184594
Dorea_Dorea_unclassified,-0.021430293697316687,-0.0200406827448999,0.00822753053990781,-0.007695183633575822,0.01700188458101911,0.4056864447949395,0.1163643421997012,0.018812612701339885,-0.00412265800670568
Lachnospiraceae_noname_Lachnospiraceae_bacterium_1_1_57FAA,0.01641958094003302,0.05023441930316708,-0.016137622481244784,-0.046046184787810425,-0.03411607295009511,0.020839535619279755,0.009612694370695595,-0.004639647716761096,0.22504094792119225
Lachnospiraceae_noname_Lachnospiraceae_bacterium_1_4_56FAA,-0.0021973951266151042,0.005200376865474307,0.003938534436346295,-0.0035885274584962355,-0.029918531248407366,-0.028849412504609387,0.03750118217719036,-0.043465023797990866,-0.0129635618699622
Lachnospiraceae_noname_Lachnospiraceae_bacterium_2_1_58FAA,-0.055949406145178425,0.05567443199391167,-0.023822029499079918,-0.08138440873988007,0.0033971188978629114,-0.06454961443865191,0.09729294606987741,-0.026122600777285936,-0.011663471330729196
Lachnospiraceae_noname_Lachnospiraceae_bacterium_3_1_46FAA,0.1722791003570284,0.012444040879697076,-0.0011084418743575425,0.031033456380497558,0.014171348158072397,-0.21185708647259296,0.04510678420876511,-0.06965445883080197,0.05854746351893603
Lachnospiraceae_noname_Lachnospiraceae_bacterium_3_1_57FAA_CT1,0.01153048835242025,0.08747970920706415,-0.005974022510872818,-0.04902156636096763,-0.029771008506280946,-0.380142518691291,0.003669741720123311,-0.011671377385314987,-0.03856197061912746
Lachnospiraceae_noname_Lachnospiraceae_bacterium_4_1_37FAA,-0.22330338212722325,-0.05406027287083426,-0.0002470733021246718,-0.08831386947774415,-0.009060158802755656,-0.12084626523865691,0.07070666973211248,0.10905552990790295,0.0493396299999701
Lachnospiraceae_noname_Lachnospiraceae_bacterium_5_1_57FAA,-0.0901604469205582,-0.040568660284447534,-0.0021679607734039117,0.018954123332841438,-0.012151710743983149,-0.4768301509185496,0.01993062229268415,-0.07385745317801,-0.5012943611338407
Lachnospiraceae_noname_Lachnospiraceae_bacterium_5_1_63FAA,0.018481218767369544,0.011785223622929455,0.00901882796360078,0.03681280553151831,0.010014597219072814,0.04950088716748233,-0.004048881605797451,0.01138659919285932,0.05001649871241541
Lachnospiraceae_noname_Lachnospiraceae_bacterium_6_1_63FAA,-0.3207219043742588,-0.026992109851751406,-0.002211942203751108,-0.05723352979086141,-0.012523511245306304,0.027402546584303984,-0.0013181253582924643,0.0771048442488346,0.08615006447862378
Lachnospiraceae_noname_Lachnospiraceae_bacterium_7_1_58FAA,0.20591743396085135,0.0019481866244562486,-0.0002905755598749415,-0.002860308567351166,-0.004775039419354779,-0.02532779386332815,-0.01756901811604469,0.0007277365957675689,0.010061735500739603
Lachnospiraceae_noname_Lachnospiraceae_bacterium_8_1_57FAA,0.020010060336077475,0.00598305782516186,-0.008493198987752854,0.024586546714280396,-0.008591116072772962,0.2013235486858833,-0.08297516479999774,-0.04516796345462332,0.06852987339798772
Lachnospiraceae_noname_Lachnospiraceae_bacterium_9_1_43BFAA,-0.2651197736637296,-0.011655988538857742,-0.00849098422338734,-0.08858507621456826,-0.07577107260329208,-0.012253531162670275,0.004520864740292824,-0.010232887930972306,-0.015293018230235647
Roseburia_Roseburia_hominis,0.2216291947442125,-0.046564937529506856,-0.00695668195381483,-0.004492080297996171,-0.09327825412151643,-0.02292316422235693,0.01494402199781421,-0.0010699215123017507,-0.0969138218045303
Roseburia_Roseburia_intestinalis,-0.033771094795659644,-0.013258456913803948,0.008670457246120353,-0.06605413337915597,-0.03658974112994224,0.4482361441196691,0.009164753715062713,-0.045193787605358575,-0.018243358613680465
Roseburia_Roseburia_inulinivorans,0.03923298649233851,0.02808932089150501,-0.008554559781209326,-0.011432558343543313,-0.16362940566281245,0.256277460745751,-0.008486711038281266,-0.14428107529855164,-0.05708448237171397
Roseburia_Roseburia_unclassified,0.07842108434735112,0.0018404641406985366,0.015482116989555034,-0.05335060931642813,-0.0037264835432941437,-0.004180908521730106,0.0028004588690062606,-0.03736332952504549,0.037049074001463095
Oscillibacter_Oscillibacter_sp_KLE_1728,0.037073894296660116,0.06436880958306625,0.009692911653404416,0.05410062034068069,-0.03833541895936567,-0.23497395349373656,-0.030238639074974847,-0.11247560297818797,-0.016957769599269416
Oscillibacter_Oscillibacter_sp_KLE_1745,0.11074625069433558,0.007568176263233829,-0.0009931909618928292,0.030191889153493186,0.02019377733234261,-0.1713585622656002,0.014490607524572693,-0.1550052031348188,-0.07191184899272325
Oscillibacter_Oscillibacter_unclassified,0.1890809203547695,-0.017673647249009956,-0.011404453942027121,0.014952559429309661,-0.043482196191835076,0.005970005756507308,-0.017139261487170394,-0.00032708627181003686,-0.05307999131099319
Peptostreptococcaceae_noname_Clostridium_bartlettii,-0.19037302563310496,0.017297038126058335,-0.0017659250737489945,-0.006065612983723779,-0.032586686646264865,0.07319015654391116,0.03256471955502114,-0.0955459753990017,-0.002560966583371145
Peptostreptococcaceae_noname_Peptostreptococcaceae_noname_unclassified,-0.07412145340442543,0.04404457841906465,-0.03715537150272692,-0.0027392222602216805,0.011709929075812486,0.2543597633475886,0.005485373078794795,-0.09199316759436212,0.030725275287868097
Peptostreptococcus_Peptostreptococcus_anaerobius,-0.010878227229215455,-0.010340811543579388,-0.006911269840484178,0.01569978666429308,0.012852264088208314,-0.027747675720701786,0.010370328032705402,-0.05003040515694559,-0.04224761899287459
Peptostreptococcus_Peptostreptococcus_unclassified,-0.005267857660835602,-0.05192702065663014,0.010345933806864414,0.025135671080075795,-0.0005006322420720171,0.05036410981052489,0.025769360104201975,-0.04070355589848223,-0.005888058832235731
Anaerotruncus_Anaerotruncus_colihominis,0.0387524695286575,0.11349863458539357,0.014546860486812363,-0.033356575641291505,-0.02105487320987001,-0.25453892280629525,0.031344342709391425,-0.1198758849234408,-0.12295123686578616
Anaerotruncus_Anaerotruncus_unclassified,0.35205476433310495,0.009188395115391214,0.016252382700312436,-0.1722269982717206,-0.09604830314574085,-0.0038726523240262254,-0.006140107724765678,-0.16965994510016183,0.004251616820297332
Faecalibacterium_Faecalibacterium_prausnitzii,0.2577169312877571,0.06877048130651629,0.005465220801602116,0.09125817646873985,0.027259549659265813,0.6444766871539235,-0.016859128025094844,-0.08844777243459048,0.03043158215695281
Ruminococcaceae_noname_Ruminococcaceae_bacterium_D16,0.11546097732089217,-0.014976756965315367,0.0033547900521425935,0.05536901182900925,-0.07259491655496825,-0.02975466909854305,0.04445886173261345,0.1637926417760249,-0.19503271323726168
Ruminococcus_Ruminococcus_albus,0.13613609468369994,0.0035907461487611923,-0.003152879445398009,-0.02015881403147331,-0.03078529555054182,0.27222888770566334,0.01733804162572283,0.014741756272352373,0.10411623179461893
Ruminococcus_Ruminococcus_bromii,0.21185324975664566,-0.006797001400073946,-0.07784049925048861,-0.008585743360710052,-0.020589821796691454,0.014054147640613707,0.002111204289415705,0.14325289612514888,0.04234991495599256
Ruminococcus_Ruminococcus_callidus,0.21961927067871342,-0.00432825044476723,-0.010182566462797863,-0.007190573409572602,-0.055041448858916334,0.13559653232116262,0.03838727591231813,-0.019040708909798178,0.16790038298295673
Ruminococcus_Ruminococcus_flavefaciens,0.02922873764568517,-0.001747675252043326,0.008152951202397445,-0.01221707911087066,-0.021462810881764445,0.11535690506263782,-0.0038657728722107944,-0.04441746728181898,0.14147079730837583
Ruminococcus_Ruminococcus_lactaris,0.101915199555781,-0.044469780841015376,-0.007276264428973095,0.026067777683175933,0.004804593546198733,-0.03468648849326787,-0.04466287023352953,0.07085447473379401,0.030868239812193828
Ruminococcus_Ruminococcus_sp_5_1_39BFAA,0.06507810075088842,0.16937169894496898,-0.011302103132997246,0.004794489813064161,-0.010577986708782936,-0.25103771388668905,-0.06507070633271166,-0.06844497510728319,0.014193139176528131
Subdoligranulum_Subdoligranulum_sp_4_3_54A2FAA,0.2157412922736232,0.05225159180299674,0.00022882014131067008,-0.0013651193780476558,0.032241469093708876,-0.265635322722368,0.0023719278173080526,0.0901122732322779,-0.05202613083241987
Subdoligranulum_Subdoligranulum_unclassified,0.376499384092368,-0.00345186589578312,0.01597682525988011,-0.013936806224026635,-0.022685264629770763,-0.0891074073565745,-0.06388786525593357,-0.013347899091054804,0.1286542585948573
Coprobacillus_Coprobacillus_sp_29_1,0.029523511747304807,0.018058396883644953,-0.010775484284261618,-0.020434785685456317,0.013840949988120228,-0.07126825129068692,0.06532634254140474,-0.06797011262357129,-0.20215467314294813
Coprobacillus_Coprobacillus_unclassified,-0.3057767042237735,-0.0037596679326476934,0.003138672895929306,0.07625246465471335,-0.008920892313759896,-0.015162255728410644,0.04321940293906826,0.05063694553591073,-0.06312211734741652
Erysipelotrichaceae_noname_Clostridium_innocuum,-0.1044859511564104,-0.004893606062268055,-0.0419231486308936,-0.039587315349541234,-0.06344961483053918,-0.05082056588667631,-0.016745509627710334,0.018932828511539813,-0.09619756282849166
Erysipelotrichaceae_noname_Clostridium_ramosum,-0.29648681497397805,-0.012741766203573798,0.0045088275531685335,0.032067589378751184,-0.042111906523953774,-0.008206489590748775,0.019211955262093783,0.01583028114863152,-0.02786544359284073
Erysipelotrichaceae_noname_Erysipelotrichaceae_bacterium_21_3,-0.021922882510646346,0.008480810429298116,0.0005039565217951851,-0.02324997734871403,0.008617979570086585,0.009226476493234789,0.06958225200813592,0.07814744815396779,-0.02481409344897973
Erysipelotrichaceae_noname_Erysipelotrichaceae_bacterium_2_2_44A,-0.02040945077280794,0.013461795831296027,-0.008325552886086251,-0.02185923943500115,-0.026676410488399235,0.0349781572368058,0.04142248876794738,0.03267481502577319,-0.288884930921583
Erysipelotrichaceae_noname_Erysipelotrichaceae_bacterium_3_1_53,-0.0017120083570819017,0.0013869448286328643,0.0031149182750625512,0.12969924628099588,-0.0035072220740142244,0.014099787024637035,0.005978883782646598,-0.0996841392064733,-0.0013197766725393239
Erysipelotrichaceae_noname_Erysipelotrichaceae_bacterium_5_2_54FAA,-0.005755110995298485,-0.017839102643039745,0.019024626782711256,0.020723523525761,0.030837374516812493,-0.018580161131235517,0.006677002149109159,-0.028177799868014147,-0.09806747031533143
Erysipelotrichaceae_noname_Erysipelotrichaceae_bacterium_6_1_45,0.019827811848373685,0.0751271250863003,-0.02081629707546671,-0.01573614016226233,-0.014570094657790855,-0.04941364059997751,0.10256291950156318,0.06672245812635791,-0.15920193534538163
Erysipelotrichaceae_noname_Eubacterium_biforme,0.04118932419467234,-0.01043680308407642,-0.0035524392935885308,-0.0026112881191205444,-0.011741851323042148,0.02857719592371877,-0.08399569943068469,-0.025906127046030254,0.08648479446789775
Erysipelotrichaceae_noname_Eubacterium_dolichum,-0.04223564006676167,-0.002121360507343111,0.03931994641109063,-0.014816666854816953,-0.024503784541394444,0.034881554822943354,-0.0073240737599386185,-0.012188377873004107,-0.07618773261180763
Holdemania_Holdemania_filiformis,0.14508061621309104,0.05146237589496479,0.03498904927994815,0.08078879639288826,-0.007143737182385845,0.01329183942075465,-0.008778963611264871,0.019076198554428363,-0.019778413058963662
Holdemania_Holdemania_unclassified,0.09823821602617502,0.0008743465293078422,0.05678610149201894,0.03655744513913656,-0.03400754775303003,0.06582468762612732,-0.007746571231607148,-0.03068721299080272,-0.05747411075182816
Turicibacter_Turicibacter_sanguinis,-0.02023848822682528,0.011323506609282412,-0.012650529029077843,0.00858597635573926,0.024881480656871447,0.032850206715234045,-0.017117998203456296,-0.1289296936979643,-0.011100203438437949
Turicibacter_Turicibacter_unclassified,-0.0404931909341469,0.006413308847050303,0.0009728140601579319,0.0030812407182165117,0.01538667360444684,0.20205337319375513,-0.001619412918435206,-0.08903582829516299,-0.026581574508976642
Acidaminococcus_Acidaminococcus_intestini,-0.017634280565118496,-0.038918311987368594,0.001485003170031469,0.03492450764827755,-0.0484856072957459,-0.12148750110123978,-0.0009511208645889619,-0.14120254856624168,-0.0390378186048992
Acidaminococcus_Acidaminococcus_unclassified,-0.03452872129535024,-0.08484992562140181,-0.0098050312157701,0.1665015561747463,0.006441695305544471,-0.4133317932490188,0.045421967513469115,-0.033804234207213874,-0.07340648810232682
Phascolarctobacterium_Phascolarctobacterium_succinatutens,0.0157271655080404,0.0010323756448727484,0.003143349722959792,-0.013627171245298227,-0.03169377297063588,0.051552491780218784,-0.03761645120172171,-0.049531512344168326,-0.05847218417889164
Dialister_Dialister_invisus,-0.1269590670308083,0.027841403138477116,-0.002884192160260507,0.05544325124981065,0.011099823982114242,-0.056231479971977485,0.008310448667517954,-0.1524906876032815,-0.008122669780133816
Megamonas_Megamonas_hypermegale,0.002155280576234937,0.00917889020772319,0.02644703974327667,-0.04205073703913631,0.0007421919711414124,-0.059714105620886804,0.009900792648602897,0.04935879288581806,0.2346339530414924
Megamonas_Megamonas_rupellensis,-0.004197393356775132,0.006996712700535117,0.032658378123067454,-0.027770667579519577,-0.00997068456214395,-0.0688263371026905,0.015225567738056278,0.03522979462036994,0.19219120286540342
Megamonas_Megamonas_unclassified,-0.029469902645747604,0.00960748813151476,0.024725621036227125,-0.04565212214680494,0.010931412073318462,-0.012993816395038332,-0.003025572936626813,0.05936520424111223,0.25737348116828573
Megasphaera_Megasphaera_micronuciformis,-0.2798992930945842,0.0025329982185930224,0.000603130098381893,-0.02912718480165109,-0.012376577574211222,0.13089348521528618,0.009635872707878678,-0.033285605053010384,0.03223906764792254
Megasphaera_Megasphaera_unclassified,-0.07473413308538353,0.007472163556778768,-0.0380708969484744,-0.04667909562446234,0.01825930738764779,-0.18295321578459028,0.028942650848416834,0.008599644217818425,0.01318562598457041
Mitsuokella_Mitsuokella_unclassified,0.19802320413988797,-0.03718003390246985,0.003103842211968958,-0.019447309847112165,-0.015322672138871861,0.02177614364751366,0.016878185652315563,0.017171068791813234,-0.04066016649443511
Veillonella_Veillonella_atypica,-0.25170277478356745,0.01169164993113699,-0.027455933347521,-0.028741287920479593,0.006763571755252343,0.5847557659778094,-0.028633017195760776,-0.03580120124949998,-0.03061944789048719
Veillonella_Veillonella_dispar,-0.24050928995186507,0.048202792180874074,-0.018806295347201563,-0.05833668137725168,-0.029015718153441707,0.666457567680531,-0.0018907430677205666,-0.056956453223487295,-0.007267378881097692
Veillonella_Veillonella_parvula,-0.2585234223876691,0.10641017406522638,-0.02873026775391796,-0.035891764807945786,-0.005162095618838428,0.6711252316174527,-0.010604444926575978,-0.04086339964561831,-0.019873668487040454
Veillonella_Veillonella_unclassified,-0.11453466133369965,0.0720484065271919,-0.014648573312970096,-0.016931669367528785,0.015908092212109416,0.8869075625551673,-0.008112339671391612,-0.03854446838915493,-0.029521194353377776
Fusobacterium_Fusobacterium_nucleatum,-0.17102157774353513,-0.02042262257161633,-0.006262847886494061,0.0010609521441008833,0.0031492624547755496,0.08108563537812971,0.0014972137303819698,0.015990037004452153,-0.019845606187030157
Burkholderia_Burkholderia_unclassified,-0.04828343389865713,-0.0007435793793258682,0.020235154072664262,0.04797952066615874,0.019543580347511646,-0.003795015384148863,-0.029208172358256373,0.024087124572436124,0.019423034232064627
Burkholderiales_noname_Burkholderiales_bacterium_1_1_47,0.007133038086950876,-0.0044965129996502005,-0.016187024083296836,-0.04892050988889235,-0.02924726991519868,-0.05297205721606585,0.02405270169212018,0.004134839981952933,0.02489904562889809
Oxalobacter_Oxalobacter_formigenes,0.14155273054670278,-0.026564297037591934,0.013494973588543431,-0.029338964416125695,-0.11997104136914309,-0.03805192042941534,-0.03873191270720655,-0.024997761154601693,0.1175566150722805
Parasutterella_Parasutterella_excrementihominis,0.039152815446982674,0.004687727861809908,-0.00955168859071606,-0.05514273431089137,-0.08241842491920293,-0.07262483833979294,0.029906911799147288,0.03176284178524749,0.06734161971508923
Sutterella_Sutterella_wadsworthensis,0.05447446359623948,-0.03781907023133133,0.023109765798816163,0.035412744958194964,0.006849881409757676,0.12484104182381363,-0.09319536869821192,0.004007907156751019,0.07746751554718134
Neisseria_Neisseria_unclassified,-0.17608151460276397,-0.01871609848365298,-0.005949305019944531,-0.014149662454097853,0.03212659025232365,-0.025308345003586686,-0.03227626721437813,0.019667936547122483,0.1215156938242126
Bilophila_Bilophila_unclassified,0.06698492676706212,-0.00010453867313006545,0.0021386571718098285,-0.00634569968902261,-0.00254724549330459,0.08904817596827941,-0.0033881981730964346,-0.12524072173036463,0.13325928860371367
Bilophila_Bilophila_wadsworthia,0.07383635088902517,0.004349573800421099,0.010923527467735592,0.015680148145185195,-0.007138355030014321,-0.01177767480689271,0.027967158359528996,-0.2541151561587518,0.048534104733647075
Desulfovibrio_Desulfovibrio_desulfuricans,0.1017682624455948,-0.0019659537603492006,-0.012794122493207438,-0.0437591365173741,-0.061685646763050675,-0.10007130611202328,0.027431236005569428,0.0010453365266783572,0.010260116155547415
Desulfovibrio_Desulfovibrio_piger,0.02898669226642991,0.02274156751490388,-0.0003554016520572599,-0.019513288534280436,-0.022112379671679273,-0.020721504299084616,-0.022907261834008295,-0.08434771270732226,-0.051084101657176834
Campylobacter_Campylobacter_concisus,-0.17020695229388186,0.004125425110582661,0.01974393389766496,-0.007023527971228229,0.020362100249057224,0.18749493629492545,-0.01238166458469774,-0.006903566372807509,0.0459364636505959
Citrobacter_Citrobacter_freundii,-0.289947229159427,0.008607512679771277,-0.02270200752177698,-0.022939763729060397,0.0013227090966033113,0.017400382668970014,-0.03247102775036867,0.03451112234936705,0.06609501873018676
Citrobacter_Citrobacter_unclassified,-0.2989828773994164,0.011603479634301896,-0.030534534312869465,-0.00880491912660384,-0.0025027547592920835,0.04119119177990919,-0.03489865170205099,0.013127034069218182,0.11101695957171495
Enterobacter_Enterobacter_cloacae,-0.04167061668221334,0.0033448892548471037,-0.000105580757113631,0.00011743092345342613,-0.04415290239176852,0.13064764068077128,-0.06907167144191653,-0.09425509252973435,0.004322993609067613
Escherichia_Escherichia_coli,-0.334622249054151,0.00130091069175643,0.009618966307592998,-0.05559479212105971,-0.03235334801300611,-0.22676095598093404,-0.018785871939495307,-0.01710554966599661,0.0653053831676954
Escherichia_Escherichia_unclassified,-0.15741186442470717,0.01749270413710444,0.03670112878819322,0.01915025174205249,0.0014187015740603545,-0.054799776892315355,0.010357888330115993,-0.1046817154324537,0.04071910988665634
Klebsiella_Klebsiella_oxytoca,-0.30907221036814836,0.005463871873393183,-0.01342560581638297,-0.011201238129292185,-0.026818388261357396,0.023281209072155445,-0.03658878347600697,0.10915264302050781,0.199587836709208
Klebsiella_Klebsiella_pneumoniae,-0.27182226776633855,-0.022510142818468633,-0.03418994091398217,0.02144705081439174,-0.018468119952601236,0.026429410084276465,-0.05570088816184057,0.014395539005636799,0.0171005256342066
Klebsiella_Klebsiella_unclassified,-0.12312521167018373,-0.024716632539782964,-0.00545049197153955,-0.03201430848661023,-0.06701406052339874,0.07515816979423759,-0.008434761465948326,0.01508245181222047,0.151546193182091
Morganella_Morganella_morganii,-0.3565347742633187,-0.013566797239886179,0.0004453832844041549,0.00035453349164043906,0.05164264638482969,0.04109375671406763,-0.015977934369460826,0.24429567258162962,0.2276862624306673
Pantoea_Pantoea_unclassified,-0.3440410347591695,0.0027915191772794035,-0.020304649091640887,-0.02759388888430781,-0.022071358230760455,-0.05804444520012467,-0.06476947391868709,0.0815455879707397,0.20035613487125897
Proteus_Proteus_mirabilis,-0.3415941291035011,-0.008434402735875384,-0.0035072897730014283,-0.018817115737650526,0.04274476265874712,-0.01650033961664059,-0.02106594716391682,0.3221343594982143,0.1801580734665931
Proteus_Proteus_unclassified,-0.06491669080705595,-0.01838210018398665,0.02267980135114172,0.033367980433230214,0.025226000406687488,0.08174285403683482,-0.001615767284451682,-0.018524088944227295,0.015361095450368
Actinobacillus_Actinobacillus_unclassified,-0.02471788570014198,0.003380522773332361,-0.01501767618572524,0.004741346683747989,0.05608253009813036,0.4766152154418618,0.016794312870654134,-0.01744702200852559,0.006890302523669741
Aggregatibacter_Aggregatibacter_unclassified,-0.09600264605909338,-0.006537881868973847,0.016256518426947825,0.005946310271717769,0.0768990786157553,0.08388919481926685,0.006193113216510007,-0.03503051964576643,-0.02771529948398968
Haemophilus_Haemophilus_haemolyticus,-0.08750286756826699,-0.02049228853085974,0.015307982080133937,0.024689656704344476,0.04192557161709311,0.13030669356227984,0.008921999411758901,-0.060794802875608386,-0.00930394562618759
Haemophilus_Haemophilus_parainfluenzae,-0.06744742607761672,0.06929479523096377,-0.02058048268431102,-0.01747932127837734,0.1341252453164506,0.6752440392407703,-0.050859159314850536,-0.04389034380519721,0.030277407096518362
Haemophilus_Haemophilus_sputorum,-0.10328447065355068,-0.005012692851573462,-0.002457038945952575,0.07226279997988537,0.05190767619579853,0.16627871791784216,-0.00991781320357142,-0.04126929466278069,0.005460611709715786
Pseudomonas_Pseudomonas_mendocina,-0.27181928465224225,0.009864126339545186,0.02942660343168231,0.019737674290689965,0.07082109283969175,-0.004560202823395028,-0.017438696630054703,0.20410412314577517,0.055941569601776694
Pseudomonas_Pseudomonas_unclassified,-0.019595221709706054,0.07871365071091958,-0.006759188331119563,0.021378185244223743,0.031158679849767994,0.06260669737576773,-0.018860333973321777,-0.030893830071919617,0.007138927298870679
Akkermansia_Akkermansia_muciniphila,0.03733114096311876,-0.011146793621380215,-0.003132848731696017,-0.10591737893120744,-0.04426471159005537,-0.08457596450707915,0.011003838718549033,0.08547405401108005,-0.07498114035822633
Saccharomyces_Saccharomyces_cerevisiae,-0.14783806153542556,-0.0014400848233433045,0.025906077918808137,-0.010102215620196543,0.030649146994225208,-0.012163558712535032,-0.026617203286974037,0.022110177953765138,-0.043813246487178395
Epsilon15likevirus_Epsilon15likevirus_unclassified,0.029522702745708524,-0.0007800698121578981,0.0008183054244688124,0.006137134757361589,0.00422102347984965,-0.017674583891204822,-0.03083732386122155,-0.01933212540560263,-0.023547614538339902
C2likevirus_C2likevirus_unclassified,-0.004830219176692436,-0.00911879709417006,-0.0002445535595967967,0.0015687705469826065,-0.03772600552994148,0.07395436636647279,0.05413450626075284,-0.04076827697942171,-0.21135199574314142
Siphoviridae_noname_Lactobacillus_phage_Lc_Nu,-0.07495830654655151,-0.0028480268785175266,0.0009053300327964716,-0.044211307431691514,-0.031553900424642005,-0.008525311578099111,-0.004650811621862936,0.004672466517030721,0.03030952474657216
Siphoviridae_noname_Lactococcus_phage_936_sensu_lato,-0.013646462875132537,0.04486420688979628,0.005850977969782846,-0.08429551257429116,-0.025929527370177025,0.02162599208112204,0.022040911850456413,0.06550429507637774,-0.010335685821756702
Siphoviridae_noname_Propionibacterium_phage_PAD20,0.0390119277546947,0.009149845859334699,0.022420445268593703,0.03189743354942576,-0.008578819858722142,0.07373273670063148,-0.005847687628746271,-0.010839699912121222,0.02277831035414221
Potyvirus_Dasheen_mosaic_virus,-0.1851932286253644,-0.011840993939105414,-0.007824757027618473,0.15949699973048512,0.05095699711273415,-0.006705201775337282,0.04738943178430022,-0.1513271751245362,-0.002932404247500623
Gammaretrovirus_Porcine_type_C_oncovirus,-0.17845921707991041,0.012642471834235879,-0.012652611293325896,-0.09904033057720243,0.08024461814447863,-0.017529268708053332,-0.011688363022978435,0.12287301586953805,-0.037966003027750675
