ModelID,OncotreeLineage,CCNE1_amplified,TP53_status,CDK2_response_score,CCNE1,CCND1,RB1
ACH-002781,Bone,False,WT,3.8058916138575296,4.978026267848631,8.145167939018386,3.9709088584516703
ACH-000332,Pancreas,False,mutant,3.477675593095562,5.4194546194824,8.505426519273165,4.477988108101652
ACH-000377,Ampulla of Vater,False,mutant,3.0963425275269874,4.38731428474758,7.292349243926161,3.5854673556410095
ACH-000645,Pleura,False,WT,3.055346538793188,3.704064094609832,7.911128293624357,3.2827778275513584
ACH-000861,Lung,True,mutant,2.7408629154726807,4.781448895552498,8.124855399929443,4.477502484088922
ACH-000324,Ovary/Fallopian Tube,False,WT,2.4671792252027016,4.394658184764224,7.3211524378263695,4.440021984274182
ACH-000417,Pancreas,False,WT,2.3787713394577485,3.5799162755327534,8.614385937441675,4.157714763070784
ACH-000093,Pancreas,False,WT,2.3587751840954203,3.8581600771898534,7.739922341271282,4.159734122892898
ACH-000304,Skin,False,WT,2.3447146515256394,3.376140326357435,9.79676645312546,4.491089869103498
ACH-000627,Lung,False,mutant,2.283818363572494,4.50416272491525,5.38241479360551,3.929317594911761
ACH-000595,CNS/Brain,False,mutant,2.218603925588761,4.296442723377525,8.664351279465563,5.146602276716126
ACH-000693,Esophagus/Stomach,False,mutant,2.1819545919637537,3.95745962305711,8.788382289963304,4.86343302229035
ACH-000234,Kidney,False,WT,2.171132364502583,3.897559913259343,7.164645508769078,4.187189729942107
ACH-000461,Biliary Tract,False,mutant,2.1632568386704962,3.2861315202955828,8.998409905288788,4.297162063367127
ACH-000415,Head and Neck,False,mutant,2.133596024652938,2.1800459903039244,7.578236813094437,2.642798595298801
ACH-000894,Lung,False,mutant,2.1312897263981014,4.26813492392489,6.989025440631378,3.529795964580091
ACH-000307,Pancreas,False,mutant,1.8988128141050518,4.167911839409772,6.3841793533350835,4.522652144103846
ACH-000250,Kidney,False,mutant,1.8560973145258894,3.0165694155440312,8.607570742887887,4.189105008244421
ACH-000763,Lymphoid,False,WT,1.79677560610758,4.817336736429355,2.8023834953520725,3.536600025635048
ACH-000890,Lung,False,mutant,1.7797118086354582,4.196024687083011,7.783358428314864,5.128920236583244
ACH-000433,Kidney,False,WT,1.7463077249766563,3.6489600622701546,5.654867986650568,3.857055383511398
ACH-000805,Skin,False,WT,1.7147490388161706,3.10056058468467,8.401481145108344,4.3895461623538665
ACH-000488,Esophagus/Stomach,False,mutant,1.7039636713384252,2.1523229756047435,9.765390535951886,4.05532582417327
ACH-002004,Skin,False,WT,1.6464842353879958,3.3021669493840364,5.289509896043625,3.521415134746255
ACH-002533,Kidney,False,WT,1.6161817028562038,4.035650300252288,5.582522885677676,4.306699707272787
ACH-000311,Lung,False,mutant,1.609940508599966,3.0915458256251003,6.156578640995874,3.682517116540278
ACH-000811,Ovary/Fallopian Tube,False,mutant,1.608172563903873,4.416299305479879,7.4569785922248,5.480410547692497
ACH-000536,Breast,False,mutant,1.5943758489662547,4.358881486305911,6.823188882614887,5.129192330406504
ACH-000834,Bladder/Urinary Tract,False,mutant,1.5604889852750274,2.7091295919677134,8.119350988972807,3.7077345980999814
ACH-000572,Skin,False,WT,1.4889100579272625,5.062773644780012,5.2565125308078615,5.078900120543291
ACH-000888,Lung,False,mutant,1.4427750639913484,3.922293009838365,6.187316438440359,4.6472281525108325
ACH-000865,Esophagus/Stomach,False,mutant,1.414743830167173,3.743310300660468,6.217862726399691,4.446970782558175
ACH-002802,Peripheral Nervous System,False,WT,1.4057253340113784,3.364477183265484,8.134174725127465,5.008796112328886
ACH-000200,CNS/Brain,False,WT,1.4015783509097777,4.004330595796467,9.025831668332026,5.379385298922673
ACH-000665,Lung,False,mutant,1.3685617544787045,2.990914936208229,7.85150544896246,4.5170110698516
ACH-001547,Pleura,False,WT,1.3623249001735434,3.3978084369755956,5.6911600430098925,4.097408535480559
ACH-002834,Bone,False,WT,1.3178407111616939,3.3062272365929735,6.755702127661198,4.487325555010141
ACH-000663,Ovary/Fallopian Tube,False,WT,1.263250149003499,3.323305211182994,5.703571403975427,4.0958062997796745
