TF,target,importance
BACH1,RP5-1027G4.3,0.1437928616595551
BACH1,RP11-259K15.2,0.1256901334467612
BACH1,DCLK3,0.1113842280946562
BACH1,GPD1,0.1042407288472454
BACH1,INSC,0.1024754161325336
BACH1,ALPK1,0.09832622125922
BACH1,TPBG,0.0957642313015881
BACH1,WDR5B,0.0948453809335809
BACH1,RP1-40E16.12,0.0944723565110861
BACH1,COL15A1,0.0895084116847274
BACH1,DLEU2L,0.0889226055948381
BACH1,ZMYM6NB,0.0847706679780483
BACH1,RN7SL589P,0.0803367543985254
BACH1,PRRG4,0.0791802844692097
BACH1,ANO2,0.0780429951931285
BACH1,CTD-2517M22.14,0.077631445589467
BACH1,RSPH9,0.0773025293377847
BACH1,HESX1,0.0753609520091869
BACH1,AJ239322.1,0.0739822569842882
BACH1,RP11-476H24.1,0.0738387951925422
BACH1,NLGN1-AS1,0.0726882405905507
BACH1,TGFBR2,0.0706061253276604
BACH1,TNFAIP8,0.070474886248299
BACH1,RP11-973H7.3,0.0703914514982414
BACH1,DSC2,0.0699655451004754
BACH1,OSCAR,0.0692226112549748
BACH1,SDS,0.069132759109006
BACH1,BST2,0.0682029669669357
BACH1,RP11-363E7.4,0.0681582884390974
BACH1,DYRK3,0.067922399163382
BACH1,SHCBP1L,0.0678763978896652
BACH1,COL27A1,0.0678317881283404
BACH1,PHGDH,0.0673211107438482
BACH1,TSPAN19,0.0670865878197764
BACH1,RP11-120D5.1,0.0667311816425948
BACH1,RP11-64J4.2,0.0667288037839564
BACH1,RGS9,0.0665690591844661
BACH1,NYNRIN,0.0659200838763475
BACH1,HSPB6,0.0658815514583955
BACH1,AC140542.2,0.0656081983610283
BACH1,PCDHGC3,0.065563414849352
BACH1,RP11-136K7.2,0.0654849822864673
BACH1,NFATC1,0.0653904263022845
BACH1,FAM194A,0.0651014297075129
BACH1,EVC2,0.0649434037450845
BACH1,CTC-542B22.2,0.0641674247723948
BACH1,ZBTB20-AS1,0.064033025928173
BACH1,SLC22A1,0.0639260953348925
BACH1,RP11-81H3.2,0.0638567558948121
BACH1,CFH,0.0638396626476786
BACH2,PRIMA1,0.2002158848564585
BACH2,POC1A,0.1513575259260907
BACH2,RP1-40E16.12,0.1370358898562931
BACH2,IRS4,0.1337159878193474
BACH2,RP11-340E6.1,0.13356053124472
BACH2,AJ239322.1,0.1327052898220222
BACH2,COL15A1,0.1174022674840713
BACH2,AC025263.3,0.1157324757611878
BACH2,RP11-15H20.7,0.1073230087490573
BACH2,CTSO,0.1007884409248533
BACH2,ZNF215,0.0996020124734184
BACH2,AC005597.1,0.097304887425956
BACH2,EDNRB,0.0967855207332346
BACH2,OXTR,0.0963816419098583
BACH2,AP003039.3,0.0923754310701643
BACH2,RP11-499F3.2,0.091599455791231
BACH2,MEOX2,0.0915287412332331
BACH2,EGFLAM,0.0905828945826165
BACH2,KLHL41,0.0903020937132047
BACH2,MYO3A,0.0874513034871035
BACH2,MND1,0.0859518745060995
BACH2,RP11-2G1.1,0.0852216422800628
BACH2,TNFAIP3,0.0845807265771348
BACH2,SPANXA2-OT1,0.0845449762391683
BACH2,TRPV4,0.0834565149484854
BACH2,RP11-365O16.6,0.0826994554070496
BACH2,AC090044.1,0.081976164363559
BACH2,MEI1,0.0793873636479773
BACH2,RP11-752D24.3,0.0790569090893825
BACH2,ZNF727,0.0787917206288559
BACH2,CTD-2175A23.1,0.0787170043381312
BACH2,RP11-343C2.11,0.07855460779496
BACH2,CLSPN,0.0784170858642544
BACH2,INSL6,0.0781414179248253
BACH2,RP6-1O2.1,0.0780158620102974
BACH2,SP5,0.0777000395913159
BACH2,RP11-68L18.1,0.0774488872276763
BACH2,RP11-159L20.2,0.0773877351799824
BACH2,C10orf115,0.0771845177184602
BACH2,VWA1,0.0771368853299141
BACH2,CD82,0.0758200141243637
BACH2,SNTB1,0.0757183406497415
BACH2,GLYATL1,0.0756615035507202
BACH2,ARSD,0.0750159532725013
BACH2,RP11-624D11.2,0.0739781398093517
BACH2,TPTE2,0.0736973925216039
BACH2,PHGDH,0.0734461056364249
BACH2,AKAP3,0.0733993966728561
BACH2,PAX7,0.0728637790005743
BACH2,WDR16,0.072730051032492
BCL11A,SCN11A,0.1803514067092574
BCL11A,TPBG,0.1761799118514897
BCL11A,RP11-279F6.3,0.1751839017371018
BCL11A,ZIC4,0.1223813399918708
BCL11A,AC139100.3,0.1074318762848265
BCL11A,SERPINH1,0.1032712119492272
BCL11A,RP11-77P6.2,0.1002961710910066
BCL11A,ADAMTS3,0.0869041688394916
BCL11A,C10orf115,0.0868186862825561
BCL11A,THEGL,0.0864905337758384
BCL11A,RP11-159F24.3,0.0843748866266561
BCL11A,RTKN2,0.082903574045553
BCL11A,RP11-434D9.1,0.081598796369231
BCL11A,AC090044.1,0.0776429783881499
BCL11A,RP11-65M17.3,0.0771955198983594
BCL11A,RP11-796E2.4,0.0771689029969551
BCL11A,RP11-517I3.1,0.0769012733467104
BCL11A,RP11-282I1.1,0.0755429906072513
BCL11A,MTTP,0.075002969321243
BCL11A,CCDC147,0.0747960129201606
BCL11A,LCTL,0.0746689944765422
BCL11A,SSUH2,0.073557587871618
BCL11A,CTC-281M20.1,0.0729971126796881
BCL11A,SLC25A21-AS1,0.0726873910418482
BCL11A,ZNF728,0.0721898098992093
BCL11A,FBLN2,0.0718900882167986
BCL11A,SP5,0.0715811341769449
BCL11A,AKAP3,0.0706505041883743
BCL11A,RP11-452H21.4,0.0704272641946112
BCL11A,FAM20A,0.0702032302696836
BCL11A,ZBTB20-AS1,0.0700257568161857
BCL11A,CA4,0.0699319566716086
BCL11A,CHST7,0.069716913646354
BCL11A,TAGAP,0.0687618487799086
BCL11A,STPG2-AS1,0.0685496570260653
BCL11A,CTC-340D7.1,0.0683652713993891
BCL11A,AC007773.2,0.0679462596353323
BCL11A,CYP39A1,0.0674523730449008
BCL11A,NLRP14,0.0663627511020077
BCL11A,AC129929.5,0.0662830418481391
BCL11A,DIAPH2-AS1,0.0661971277641037
BCL11A,KIF4B,0.0658920197672397
BCL11A,RP11-134G8.7,0.0658762644959706
BCL11A,LL22NC03-86G7.1,0.0655886731614215
BCL11A,PM20D1,0.065578744982591
BCL11A,RN7SL589P,0.064618080805978
BCL11A,C1orf95,0.0639739285456747
BCL11A,BEND4,0.0638208160434052
BCL11A,RP11-506B6.6,0.0637038871103767
BCL11A,OTOF,0.0632410656204491
CREB5,DLL1,0.1380108299515176
CREB5,RAB32,0.114849571916643
CREB5,KCNE4,0.1066125291180019
CREB5,IGSF5,0.0925219852240936
CREB5,RAB13,0.0887383683622203
CREB5,WDR16,0.0869262957077615
CREB5,RP1-104O17.1,0.0773325189309456
CREB5,NPIPA5,0.0676435122059944
CREB5,COL15A1,0.0645000271603228
CREB5,TTC12,0.0605006587242696
CREB5,LTBP2,0.0498395620076105
CREB5,MUC12,0.0493116763437854
CREB5,YAP1,0.0490005871454273
CREB5,SYNGR2,0.0486023276478393
CREB5,SPSB4,0.0474287656931583
CREB5,RP5-1112D6.7,0.0473159815451325
CREB5,RP11-340E6.1,0.0452251479621983
CREB5,RAD51,0.0450349767936303
CREB5,RP11-403I13.7,0.0436020283478165
CREB5,EPHA1-AS1,0.0430339321781796
CREB5,ANO2,0.0419707529217282
CREB5,RP11-238K6.2,0.041709997854029
CREB5,CTD-2530N21.4,0.0415499264268996
CREB5,LINC00972,0.0403047381056874
CREB5,RP11-575F12.1,0.0402687470117135
CREB5,CTD-2008L17.1,0.0400893635839454
CREB5,ARSE,0.0398757039948356
CREB5,RP11-713P17.3,0.0397806994054906
CREB5,RP11-707G14.7,0.0390172815019495
CREB5,RP11-434D9.1,0.0384991060710699
CREB5,TRDN,0.038172780025965
CREB5,CTD-2017C7.2,0.038110623607215
CREB5,LAYN,0.0377389035430763
CREB5,CCDC141,0.0377248142657712
CREB5,HNF4G,0.0376599784503719
CREB5,RP11-159H10.3,0.0371130627435076
CREB5,KPTN,0.0361056790841019
CREB5,RP11-326F20.5,0.0357867324682251
CREB5,AC005355.1,0.0356075016215044
CREB5,RP11-457K10.1,0.0355840303982074
CREB5,SDS,0.0355366601014951
CREB5,CDH23,0.0347029525549314
CREB5,RP11-380I10.4,0.0344994373447576
CREB5,RP11-510M2.2,0.0344545905348424
CREB5,C14orf93,0.0344261823703732
CREB5,PCDHB7,0.0338105585847004
CREB5,LRRC56,0.0337733762515519
CREB5,FBLN2,0.0334689762307939
CREB5,DLEU7-AS1,0.0334580589873847
CREB5,LINC00847,0.0333183948382513
DLX1,RP11-68L18.1,0.2875485177735241
DLX1,EMP1,0.2476418841461014
DLX1,BTNL9,0.1716051921095311
DLX1,VSIG10L,0.1633882785965278
DLX1,PCDHB7,0.1554387834296033
DLX1,TPBG,0.1546945648161515
DLX1,KCNE3,0.1501602836340707
DLX1,AC140542.2,0.1472763596420144
DLX1,RP11-993B23.3,0.1276117453356824
DLX1,RP11-796E2.4,0.1267783837763429
DLX1,LOXL2,0.1194283160659183
DLX1,ITGB6,0.1188260928064725
DLX1,PCOLCE2,0.1107123315830761
DLX1,COLEC12,0.1099769182325979
DLX1,KBTBD8,0.1088824271898627
DLX1,ACOX2,0.1074455450607391
DLX1,RP11-157I4.4,0.101480497004092
DLX1,RP11-57H12.6,0.097689390088677
DLX1,B3GNT9,0.0938057519366417
DLX1,TRPV4,0.093168043615083
DLX1,ZNF300,0.0927657349990748
DLX1,GPRC5C,0.0831669911919404
DLX1,C21orf91,0.0815916042495937
DLX1,C6orf99,0.0805178391688339
DLX1,RGSL1,0.0801901629306199
DLX1,RASIP1,0.0785878327132711
DLX1,CIB4,0.075052213676487
DLX1,SSUH2,0.0747112709444811
DLX1,FERMT1,0.0741798582389052
DLX1,AGPAT2,0.0741740991717755
DLX1,AC009227.2,0.0734904247651102
DLX1,DPP4,0.0734628201487262
DLX1,KDELC2,0.0731476608331756
DLX1,DIAPH3,0.0731334868928585
DLX1,HMCN2,0.0731225671209582
DLX1,SAMD9,0.0728813536913438
DLX1,BTN2A2,0.0725208245746844
DLX1,HPGD,0.0719495797403942
DLX1,ORC6,0.0708010484136928
DLX1,ZNF257,0.0699452707210463
DLX1,DYNLRB2,0.0698898083212943
DLX1,LAYN,0.0694601916655967
DLX1,ELF1,0.0693682232084468
DLX1,AP003039.3,0.0693472130754773
DLX1,GAS1,0.0692796231045192
DLX1,NKAIN1,0.0691425593567419
DLX1,SYDE2,0.069096488063152
DLX1,AC139100.3,0.0688837011545114
DLX1,CYP26A1,0.0685611647610361
DLX1,SALL1,0.0684483135308839
ID2,PRIMA1,0.1722233415103484
ID2,LOX,0.1603636393827396
ID2,DLL1,0.1478895396441646
ID2,RP1-40E16.12,0.1412231334669575
ID2,CTC-529P8.1,0.1366563086030551
ID2,GLIPR2,0.1325848536410488
ID2,LAMP5,0.1239826012395234
ID2,YBX3,0.1093469457988298
ID2,KIT,0.108299455642507
ID2,HRASLS5,0.0960195785448805
ID2,CA2,0.0948745358480999
ID2,GLP1R,0.0943855910789572
ID2,ACSS1,0.0911175795653689
ID2,LRTM1,0.0900831988508262
ID2,ZNF843,0.0850015863020817
ID2,NTNG1,0.0830002870473814
ID2,SFRP1,0.0824516749376594
ID2,HPCAL1,0.0802462970971572
ID2,SV2C,0.0801332326718981
ID2,IRS4,0.0787417948587003
ID2,RP11-457K10.1,0.0783189509951522
ID2,BIRC3,0.0764269828736363
ID2,CHRDL1,0.0753651553709156
ID2,B3GALT2,0.0731661453323951
ID2,TMEM44-AS1,0.0727403450572765
ID2,TMEM255A,0.0727127961810293
ID2,RP11-466P24.7,0.0725526482820473
ID2,BMP7,0.072218558737634
ID2,TRH,0.0720944330621778
ID2,EFNA1,0.071911360409183
ID2,CHST9,0.0714858267502635
ID2,PCDHB5,0.0711619284962957
ID2,SSTR2,0.0699413235122811
ID2,AC079354.1,0.069870353800866
ID2,DLK2,0.0685401589372659
ID2,RAMP2,0.067887994678657
ID2,CCK,0.0674716902593781
ID2,PODN,0.0662644251414255
ID2,TNFAIP8L3,0.0661311343458129
ID2,CD302,0.0661269013979019
ID2,DIAPH3,0.0657755530580921
ID2,ITM2C,0.0655339662237644
ID2,PMEPA1,0.0651894599542677
ID2,RGS14,0.0646890992165248
ID2,LINC00299,0.063215423434316
ID2,RP11-430C7.4,0.062644391846708
ID2,AC003005.2,0.0622142358657707
ID2,DRD5,0.0617699960884545
ID2,RP11-24N18.1,0.0613221040619584
ID2,RP11-44I10.3,0.0610577005219359
KLF6,COL6A5,0.1625081080644226
KLF6,AP003039.3,0.1321966171438183
KLF6,ECEL1,0.1194302561619626
KLF6,CEL,0.1156316078426011
KLF6,NSUN7,0.0975831754841717
KLF6,RAD51,0.0973342708758025
KLF6,AC009506.1,0.0918211662521615
KLF6,PALD1,0.083179506813373
KLF6,THBD,0.0762875191969152
KLF6,TMC6,0.0668949439051137
KLF6,NOD1,0.0645168685363776
KLF6,ACOX2,0.0611802000659785
KLF6,FAM9B,0.0567600314094609
KLF6,VSX1,0.0540686577361067
KLF6,AC007319.1,0.0515163120743553
KLF6,SLC19A3,0.051038917385805
KLF6,RP11-248J23.6,0.0509879693259392
KLF6,RGS14,0.0507494512573878
KLF6,TINCR,0.0486787768903159
KLF6,RAD9B,0.0479098272727918
KLF6,LRP2,0.0465765662345292
KLF6,MPP4,0.0464177621517983
KLF6,RP11-344N10.5,0.0454698348459037
KLF6,GAL3ST1,0.0454037173612843
KLF6,LIX1,0.0452251071123485
KLF6,RP11-449P15.2,0.043817204117425
KLF6,IGFBPL1,0.0428617472161727
KLF6,RP4-764O22.1,0.0423598953207452
KLF6,PRRG4,0.0420457361729887
KLF6,IFLTD1,0.0420406683755213
KLF6,TRH,0.0416643530420101
KLF6,LINC00870,0.0413257468923433
KLF6,KCTD19,0.0391558997728404
KLF6,HEPN1,0.0379158218896838
KLF6,CTD-2008L17.1,0.0377929412358679
KLF6,RP11-428F8.2,0.0368212496792908
KLF6,PSRC1,0.0367024369587324
KLF6,MYB,0.0365577179349298
KLF6,NLGN1-AS1,0.0365181716606468
KLF6,IFI16,0.036389054139394
KLF6,LIPH,0.0360693808965733
KLF6,PCAT1,0.0359483435752544
KLF6,CTA-14H9.5,0.0357976703728756
KLF6,SPTLC3,0.0353127875009401
KLF6,C6orf195,0.0350497625170534
KLF6,EGFL8,0.0327944578726447
KLF6,RP11-530C5.1,0.0321182500144902
KLF6,C10orf2,0.0320280877801545
KLF6,GLP1R,0.0312615820813985
KLF6,ARHGEF15,0.0311899862502246
LHX6,GNAS-AS1,0.1562128934915821
LHX6,RP11-605F22.2,0.1360779361942895
LHX6,HOGA1,0.1333471574705288
LHX6,RP11-196H14.2,0.1178518296835738
LHX6,C21orf67,0.1177102678577749
LHX6,CASP7,0.116478922802526
LHX6,ZNF300,0.11424415474132
LHX6,RP11-56B16.5,0.0957152661223194
LHX6,SDS,0.0953470412470362
LHX6,ECEL1,0.0924706810924714
LHX6,RP11-449P15.2,0.0885408184042519
LHX6,NLRP14,0.0844901038059648
LHX6,ARHGAP25,0.0808244503748414
LHX6,KLHL41,0.0802086746280078
LHX6,RP11-390E23.6,0.0777604573883948
LHX6,ZNF285,0.0748084581953883
LHX6,SLC19A3,0.0738906986328914
LHX6,MND1,0.0737030515781612
LHX6,NOG,0.0726935051275117
LHX6,SLC10A3,0.072559797583924
LHX6,BST2,0.0722987690901138
LHX6,PLEKHH2,0.0700217121881045
LHX6,COL6A5,0.0695758038555364
LHX6,RP11-160H22.5,0.0694460715909241
LHX6,ZDHHC19,0.0673563898100831
LHX6,OSTN,0.0669199416815369
LHX6,PRR5L,0.066720838459775
LHX6,RP11-575F12.1,0.0665243505001321
LHX6,AC003665.1,0.0664919112998067
LHX6,SRGN,0.065520426473455
LHX6,RP11-320M16.2,0.0654694548774393
LHX6,RASA4,0.0638141922202982
LHX6,RP11-517I3.1,0.0638116983705295
LHX6,PAMR1,0.0637556967270151
LHX6,GLIPR2,0.0636729129154812
LHX6,ZNF576,0.0633827807456966
LHX6,C5orf34,0.0633602205985651
LHX6,SLC25A45,0.0631818208955443
LHX6,PLTP,0.0621725042610862
LHX6,TP53I13,0.0618741483843171
LHX6,RP11-98D18.17,0.0613622564419451
LHX6,RP4-739H11.3,0.0607414131239112
LHX6,RP11-238K6.2,0.0603716343386069
LHX6,YAP1,0.0597365254300115
LHX6,LCP1,0.0593822063524214
LHX6,BTG2,0.0590736452045246
LHX6,RP11-375B1.3,0.0590243390560478
LHX6,DCLK3,0.0588001850035816
LHX6,RGSL1,0.0579161254047861
LHX6,HERC5,0.0574032481115178
MAF,AF064858.8,0.1389830592797014
MAF,AC009506.1,0.1223217287654273
MAF,MTTP,0.1169940823450977
MAF,RP11-307C12.12,0.1157067771793422
MAF,FAM9B,0.1100166364353295
MAF,CERKL,0.1084852823371139
MAF,AJ239322.1,0.1054443548622894
MAF,HAUS8,0.1026324736286516
MAF,RP11-506B6.6,0.1003700465623544
MAF,CTD-2008L17.1,0.0988508070244755
MAF,IGSF5,0.0979765822318487
MAF,RP11-966I7.3,0.0965111019380459
MAF,RP1-154K9.2,0.0952956649906901
MAF,CTD-2127H9.1,0.0952344101643752
MAF,LINC00972,0.094932554309203
MAF,RP11-56B16.5,0.0939446021457755
MAF,RASL11B,0.0906345065660605
MAF,AC092162.1,0.0872060786662216
MAF,RP11-154J22.1,0.086807209260049
MAF,SDS,0.0860555212543877
MAF,RP11-576N17.5,0.0854226262141223
MAF,CCDC110,0.0846303779796035
MAF,HERC5,0.0839283432643256
MAF,TACR2,0.0836774203891421
MAF,CTA-14H9.5,0.083669958487518
MAF,RP11-160H22.5,0.0836083659138465
MAF,PLTP,0.0825565294115124
MAF,RP6-1O2.1,0.0824482275355667
MAF,C1QC,0.0815881221574716
MAF,KIF17,0.0815012824581438
MAF,KCNE4,0.0805170648919905
MAF,SHCBP1L,0.0798048749330696
MAF,RP11-400N13.3,0.078318899296753
MAF,AF131215.9,0.0781672015224563
MAF,SPTLC3,0.0776303975724328
MAF,RGSL1,0.0769213775643662
MAF,ACBD7,0.0767279521836699
MAF,RP11-355I22.2,0.0761076690069368
MAF,PRR11,0.0758293964720345
MAF,GPD1,0.07527796953173
MAF,NOTCH4,0.0752474839178181
MAF,ZP3,0.0748490623922933
MAF,RP11-24M17.4,0.0747771262866495
MAF,RAB34,0.074306530293063
MAF,HSD17B13,0.0740360992686228
MAF,XBP1,0.0738650299939407
MAF,TPPP3,0.0738171521782585
MAF,SLC10A3,0.0733705949536472
MAF,FAM89A,0.0730731538312656
MAF,CRIP3,0.0729894531375369
MAFB,PRRT3-AS1,0.2010169874171855
MAFB,RP11-417L19.2,0.1556795556795832
MAFB,FANCE,0.1491301166043518
MAFB,CHAC2,0.147228656833988
MAFB,CTD-2127H9.1,0.1348494565796269
MAFB,CTB-113I20.2,0.1338756319608529
MAFB,RP11-24M17.4,0.1281919124113021
MAFB,RASAL1,0.12148090740225
MAFB,IFLTD1,0.117041960006812
MAFB,CTC-281M20.1,0.1169990670890096
MAFB,RP11-326F20.5,0.1167994629298373
MAFB,PFN4,0.115364982435177
MAFB,DCLK3,0.1139567271401633
MAFB,RP11-86A5.1,0.1132444806476745
MAFB,DENND2C,0.1049748157816868
MAFB,RP11-92G12.3,0.1045774634273154
MAFB,TGFB3,0.1044294957580865
MAFB,FLNC,0.1034668397634197
MAFB,MSTN,0.1017423341465375
MAFB,PCDHB13,0.0974832728564765
MAFB,C19orf54,0.096438663142809
MAFB,RPGRIP1,0.0896559856819141
MAFB,CGNL1,0.0864282059724251
MAFB,KBTBD8,0.0863317768676833
MAFB,ZNF98,0.0844602833680126
MAFB,CHST7,0.083734799333092
MAFB,GAL3ST1,0.0828190095807984
MAFB,RP11-546J1.1,0.0816857973851884
MAFB,RP11-8L2.1,0.0815414199682243
MAFB,ZIC4,0.0814122966607751
MAFB,SAMD9,0.080550122779385
MAFB,KRBA2,0.0803353853518866
MAFB,YBX3,0.0795944392426082
MAFB,DPYS,0.078961787409596
MAFB,NMU,0.0787780596520749
MAFB,MGARP,0.0784962768277983
MAFB,AC016747.3,0.0775475398337127
MAFB,C6orf99,0.0772882701526905
MAFB,KB-1980E6.3,0.0770726074527228
MAFB,MTTP,0.0770308626638538
MAFB,RP11-575A19.2,0.0762059409793547
MAFB,TRH,0.0759439035944596
MAFB,NOX5,0.0755261104889713
MAFB,RP11-304F15.4,0.0754332876694186
MAFB,NKX3-1,0.0749569811803702
MAFB,RPP40,0.0749121616523202
MAFB,TMEM254-AS1,0.0747244207932499
MAFB,SLC12A3,0.0747157913914551
MAFB,PCSK1,0.074654133881169
MAFB,H1FX-AS1,0.0743661635781116
NFIB,C3orf55,0.2303540630835033
NFIB,RP1-104O17.1,0.2046263890831104
NFIB,MYB,0.1955050747207857
NFIB,BTNL9,0.1944091664294402
NFIB,RP11-363E6.3,0.1898690718763731
NFIB,AC007292.4,0.1743261982318491
NFIB,CALML4,0.1645461539653063
NFIB,ADAM28,0.1587953342784861
NFIB,BTC,0.1501288988933563
NFIB,RERGL,0.1486001320590911
NFIB,KCTD21-AS1,0.1461088194804464
NFIB,RP5-1027G4.3,0.135284302980201
NFIB,RN7SL2,0.1250588390434929
NFIB,ITGB4,0.1241077574100166
NFIB,SOX13,0.1201679553964543
NFIB,HESX1,0.1196475782015873
NFIB,RP11-930O11.1,0.1184774677023372
NFIB,TRPC3,0.1151769327618583
NFIB,PRELID2,0.1147004292728332
NFIB,ADARB2,0.1128177622295444
NFIB,FBXL7,0.1125741309420918
NFIB,GRAMD2,0.1109339818314266
NFIB,AC114765.1,0.1101231717033532
NFIB,GS1-122H1.2,0.1096491025145414
NFIB,TLL1,0.1074320885470748
NFIB,CER1,0.1073079244258436
NFIB,Z83851.1,0.106377045791936
NFIB,PAN3-AS1,0.1046243860055899
NFIB,AC007464.1,0.1044351949673778
NFIB,CP,0.1043048376140877
NFIB,EMP1,0.1038767665111154
NFIB,ANKDD1B,0.1035012962272998
NFIB,UACA,0.1029743889165131
NFIB,TNFAIP8L3,0.1017587052609641
NFIB,NRG1,0.101054981494793
NFIB,TACR2,0.1009769297200655
NFIB,CTD-2049O4.1,0.1009733115632738
NFIB,GCNT2,0.0997420599586289
NFIB,PCBP3,0.0990387038624797
NFIB,CTB-113P19.1,0.0987315919665896
NFIB,CASP7,0.0985413321536446
NFIB,SPARCL1,0.098461477184104
NFIB,LRRC56,0.0983270282721354
NFIB,PLG,0.0978652497354096
NFIB,RP11-93L9.1,0.0975249527648328
NFIB,GLYATL1,0.0971853699524042
NFIB,ADAMTS3,0.0971807782867088
NFIB,RASA4,0.0970481474674254
NFIB,AC010967.2,0.0967514209895395
NFIB,DCHS2,0.0963429619374283
NFIX,RP11-176N18.2,0.1844452921487619
NFIX,TEX29,0.1501898280210233
NFIX,MSTN,0.1355467931010848
NFIX,EMP1,0.1249791587753827
NFIX,SLFN11,0.1089746736998948
NFIX,DYRK3,0.1075870057026483
NFIX,RP11-370I10.2,0.1072837916169836
NFIX,RP11-15H20.7,0.1069294174582143
NFIX,CCDC147,0.1067958284194945
NFIX,WDR16,0.1043700367769625
NFIX,UCHL1-AS1,0.0998260556978375
NFIX,IL17RD,0.0959546644554029
NFIX,RP5-1073O3.7,0.0892885970270931
NFIX,DLK2,0.0891702247455706
NFIX,SCML4,0.0885112107139031
NFIX,CTD-3138F19.1,0.0871018508005689
NFIX,HOGA1,0.0866547864544453
NFIX,PODNL1,0.0861281029893359
NFIX,RN7SL589P,0.084809120665779
NFIX,VSX1,0.0845895111278274
NFIX,IGSF5,0.0839632483778638
NFIX,LINC00499,0.0807833124233339
NFIX,PLIN3,0.078026285889499
NFIX,CHRNA3,0.0778128705354355
NFIX,DENND2C,0.0775406046096407
NFIX,AC012501.2,0.077211736773205
NFIX,LRP10,0.0768551119194511
NFIX,ELOVL2,0.0752704045237719
NFIX,OSCAR,0.0750633853892078
NFIX,AC016747.3,0.0740408775573505
NFIX,AHRR,0.074030246320991
NFIX,ZBTB8A,0.0738555637184888
NFIX,LPA,0.0738284479395608
NFIX,YAP1,0.0734051180487916
NFIX,LINC00972,0.0728065299684696
NFIX,BSPRY,0.0727435836892971
NFIX,SPANXA2-OT1,0.0723549653515249
NFIX,RP11-20I20.2,0.071691307018771
NFIX,ZNF724P,0.07163267162181
NFIX,SYCE1L,0.071426528130569
NFIX,PCDHGB6,0.0711100082623344
NFIX,CDKN2B-AS1,0.0707237812745519
NFIX,RP11-713P17.3,0.0702238713628098
NFIX,AARD,0.0697612313601334
NFIX,PEX12,0.0692987035304629
NFIX,RP11-509J21.3,0.0688949621281135
NFIX,Z83851.1,0.0688901017483619
NFIX,RP11-78F17.1,0.0688458696850231
NFIX,EPHA1-AS1,0.068464869416686
NFIX,ZNF571-AS1,0.0683983840846774
NPAS3,AC079779.6,0.493495468209644
NPAS3,BST2,0.4722231349026722
NPAS3,DTX3L,0.300975933712733
NPAS3,SLC30A8,0.2696702376659454
NPAS3,RP4-737E23.2,0.2653886531476461
NPAS3,CCDC147,0.254805797671698
NPAS3,RP1-104O17.1,0.2532489735684613
NPAS3,RNF43,0.2400128517889562
NPAS3,RP11-761B3.1,0.224630025451843
NPAS3,RP11-417L19.2,0.2178838791369027
NPAS3,KRBA2,0.2171875183586661
NPAS3,AC079354.1,0.2070230681100041
NPAS3,FAM9B,0.2056906732538294
NPAS3,RP11-431M3.1,0.2044206703324768
NPAS3,SFT2D2,0.2031467507206271
NPAS3,RP11-363E6.3,0.2005781314040559
NPAS3,RFPL3S,0.1936969329616469
NPAS3,RP11-403I13.7,0.1925932380446257
NPAS3,QRFPR,0.1912253433759352
NPAS3,CDCA7L,0.1907055420106176
NPAS3,DPYS,0.1896966088432196
NPAS3,HSD11B2,0.1857088126160758
NPAS3,RP11-98D18.17,0.181208879725964
NPAS3,MICALCL,0.1796532685476061
NPAS3,RP11-58E21.4,0.1794719798319698
NPAS3,RELL1,0.1782493323943313
NPAS3,RP11-408E5.5,0.1769076571189117
NPAS3,TACR2,0.1768970146779879
NPAS3,AC007292.4,0.1752614217886879
NPAS3,AKAP3,0.1737124113926704
NPAS3,ZNF879,0.1711165575747725
NPAS3,FAM194A,0.1709021834204951
NPAS3,NABP1,0.1708295150194045
NPAS3,LOXHD1,0.1706269383106784
NPAS3,CTD-2516F10.2,0.167205892428357
NPAS3,AC006946.15,0.1670022563648782
NPAS3,CTD-2353F22.1,0.166052120872563
NPAS3,ZNF99,0.165833599384505
NPAS3,ANO2,0.1647483947773745
NPAS3,STPG2-AS1,0.1645457858538564
NPAS3,VSIG10L,0.1633570212119918
NPAS3,RP4-764O22.1,0.1614473208966369
NPAS3,RPS10P7,0.1604569530189815
NPAS3,AC009950.2,0.1596461388868354
NPAS3,AF131215.9,0.1551229480399094
NPAS3,AC012442.5,0.1507260982228754
NPAS3,PTPN14,0.1490620639860635
NPAS3,CTC-432M15.3,0.1489808959389725
NPAS3,RP11-523L20.2,0.1488188477703474
NPAS3,AC012501.2,0.147801276219036
PROX1,RP11-363E6.3,0.166331139796764
PROX1,HSD11B2,0.1605661881846081
PROX1,MYH7,0.1461364953945604
PROX1,RP11-187E13.2,0.14518911165883
PROX1,LINC00870,0.138425352899688
PROX1,RP3-326L13.3,0.1322570442949304
PROX1,C6orf52,0.1300557394681703
PROX1,RP11-506B6.6,0.1277303982190462
PROX1,RP11-739N10.1,0.1133112889738138
PROX1,KIF4B,0.1043070291825803
PROX1,FANCE,0.1024137653122623
PROX1,CTD-2620I22.1,0.1004456037278267
PROX1,PXDC1,0.0938180581693128
PROX1,PM20D1,0.0895354693864712
PROX1,RP11-449P15.2,0.0850046716888325
PROX1,RP11-993B23.3,0.0838244529290776
PROX1,TPBG,0.0826571155688366
PROX1,AC096669.2,0.0818015722616778
PROX1,NSUN7,0.0805155042442227
PROX1,COLEC12,0.0799515508147433
PROX1,RNF43,0.0798401578363531
PROX1,AF064858.8,0.0780623626205811
PROX1,RP11-68L18.1,0.0741286317313019
PROX1,CCDC38,0.0739584585534726
PROX1,RP11-295G20.2,0.0726076701051793
PROX1,RP4-678D15.1,0.0725378988894991
PROX1,EGFLAM,0.0724556800972845
PROX1,RP11-69H14.6,0.0723064203317936
PROX1,PCDHB16,0.0720348060577313
PROX1,GYG2,0.0719688910030473
PROX1,GNAS-AS1,0.071630384220647
PROX1,PLD2,0.0714850256613703
PROX1,AC010967.2,0.0712786928450218
PROX1,FNDC1,0.0704671771820526
PROX1,RP11-173B14.5,0.0703759523648057
PROX1,CTD-2544M6.1,0.0695931850626179
PROX1,C6orf195,0.0693498514033528
PROX1,C1R,0.0692222966666071
PROX1,AC005597.1,0.0681404045596456
PROX1,CTD-2530N21.4,0.0680513060548061
PROX1,SPTLC3,0.0672241631355908
PROX1,RP11-430H10.4,0.0669814256788456
PROX1,CP,0.0669193511693252
PROX1,ITGB4,0.0666859015808466
PROX1,MPP4,0.0662423626687181
PROX1,TMEM176A,0.0661381891851271
PROX1,C9orf147,0.0656694295843996
PROX1,LRRC63,0.0653752495060909
PROX1,WTIP,0.0650051859927492
PROX1,EXPH5,0.0649314614914759
RORB,CTD-3138B18.6,0.1201356754482672
RORB,CTC-338M12.1,0.1028917011487337
RORB,RAD51,0.0863738597527957
RORB,ITPKA,0.0718440897855162
RORB,KRBA2,0.0621972149251109
RORB,CALML4,0.0552305450299893
RORB,RASA4,0.0551433336217244
RORB,PCDHB7,0.052955514980499
RORB,CTA-14H9.5,0.0523275199775011
RORB,AC013460.1,0.0510112909124079
RORB,PRRG4,0.050037203246665
RORB,PCDHB5,0.0485352383660862
RORB,BTG2,0.0484819371137099
RORB,UTS2B,0.0475493180226889
RORB,PCDHB13,0.0463863003207686
RORB,RHOJ,0.0447376593732778
RORB,CTD-2008L17.1,0.0430426792735069
RORB,KLF8,0.0429855052576528
RORB,ZNF408,0.0419428511944279
RORB,TRIM61,0.0418701998283881
RORB,CYP1B1-AS1,0.041414715016256
RORB,CCDC147,0.0406180235927287
RORB,ACOT12,0.0399875942001492
RORB,AC007292.4,0.0395223684754958
RORB,PLD2,0.0381508563757491
RORB,RP11-563D10.1,0.0378227566453873
RORB,CFH,0.0373613094823617
RORB,RPS10P7,0.0364916956248309
RORB,PLLP,0.0363272369729795
RORB,LINC00972,0.0360065313334098
RORB,RP1-223B1.1,0.0352146623260513
RORB,RP11-318A15.2,0.034877396825324
RORB,AC005618.6,0.0347760300257586
RORB,RP11-187E13.2,0.0347198430206288
RORB,RP11-344N10.5,0.0342845741448632
RORB,RP11-420A23.1,0.0338689470929383
RORB,GPR158-AS1,0.0337234389418013
RORB,HOGA1,0.0335826596693418
RORB,ATP6V1G2-DDX39B,0.0335160628771136
RORB,DIAPH3,0.0333985894755148
RORB,RP11-767I20.1,0.0331409683416986
RORB,COL6A5,0.0329956465752567
RORB,HSD11B2,0.0329948389009947
RORB,RP11-93L9.1,0.0329709473823087
RORB,PCDHGA9,0.0323412681411492
RORB,CTC-281M20.1,0.0322954465380711
RORB,SAMD15,0.0321700019294842
RORB,AC016907.3,0.0321288514846063
RORB,CTD-2165H16.4,0.0312490581511524
RORB,RAB32,0.0311219671411439
RXRA,ZDHHC19,0.0958079385111526
RXRA,AC009506.1,0.0952933905634149
RXRA,AC139100.3,0.092794555565764
RXRA,IRS4,0.0798566907915961
RXRA,CTD-2620I22.1,0.072538989524667
RXRA,RP11-33A14.1,0.0691316842003248
RXRA,RP11-248J23.6,0.059344980031979
RXRA,DACT2,0.0535598922735765
RXRA,PRRG4,0.0526176023756485
RXRA,C6orf99,0.052207029495714
RXRA,RP11-408E5.5,0.0511800664645362
RXRA,RP11-157I4.4,0.0498359837229875
RXRA,RP11-627D16.1,0.0488554605893008
RXRA,RAD51,0.0474155341846998
RXRA,RAB34,0.0472842639161282
RXRA,ERBB2,0.0466926287982939
RXRA,INSC,0.0462806087706447
RXRA,RAB13,0.0447917781516822
RXRA,FANCE,0.0445990839099873
RXRA,HEPN1,0.043734496038933
RXRA,RP11-538I12.2,0.0427156410248587
RXRA,LRP4,0.0426144470198031
RXRA,NOD1,0.0420458303156398
RXRA,NOX5,0.041904673235384
RXRA,SERPINH1,0.0415357845722871
RXRA,HSD11B2,0.0414814828707324
RXRA,C6orf52,0.0414726135076663
RXRA,GRIN2C,0.0414578342115161
RXRA,NPHP3-AS1,0.0410394070907301
RXRA,ZBTB3,0.0408616037929844
RXRA,RP11-98D18.17,0.0402330739162231
RXRA,FAM101B,0.0398073360995479
RXRA,RP11-973H7.3,0.0395486160589155
RXRA,DTX3L,0.0384482918115041
RXRA,HNF4G,0.0384082192043172
RXRA,RP11-134G8.7,0.0383494523979292
RXRA,RGS10,0.037861292979711
RXRA,RP11-993B23.3,0.0378520102741734
RXRA,TSPAN19,0.0378264398984391
RXRA,AC092162.1,0.037763557400883
RXRA,NLRP14,0.0373596842810494
RXRA,ABCG5,0.0364930757779902
RXRA,LINC00923,0.0357795245890236
RXRA,RP11-279F6.3,0.035778308190327
RXRA,EXPH5,0.035749351239411
RXRA,TNFAIP8,0.0355615841569989
RXRA,RP6-24A23.3,0.0353547878952692
RXRA,RP11-267A15.1,0.0352672844188331
RXRA,TRDN,0.0351688743726335
RXRA,VANGL2,0.0350014530130141
SATB1,FBLN2,0.1808308998880078
SATB1,RP1-40E16.12,0.1688280194934998
SATB1,NFATC1,0.1574566791395017
SATB1,PIRT,0.1561374442517776
SATB1,C14orf93,0.1527467380356455
SATB1,RAB32,0.1286111343886445
SATB1,RP11-84G21.1,0.1269080050315641
SATB1,RP11-575A19.2,0.1258595708018927
SATB1,RPGRIP1,0.1253399100494504
SATB1,RP11-304F15.4,0.1252588445491029
SATB1,ALOX5,0.1203511072945468
SATB1,RP11-363E7.4,0.1170305292844492
SATB1,RP11-78F17.1,0.1168164147493218
SATB1,RP11-15H20.7,0.1153771833206677
SATB1,RP11-356K23.1,0.1135268720265411
SATB1,RP11-576N17.5,0.1129342164831062
SATB1,LRP10,0.1088280037740969
SATB1,ERBB2,0.1079716255646928
SATB1,DIAPH2-AS1,0.1066775835255445
SATB1,RP1-223B1.1,0.1043499769278274
SATB1,DSC2,0.1023023249938878
SATB1,ZIC4,0.0957838507853651
SATB1,ACOX2,0.0939446984964161
SATB1,AC097721.2,0.093286422323416
SATB1,TIFA,0.0926875551683807
SATB1,IL20RB,0.090870457597416
SATB1,GPRC5C,0.0907474476147554
SATB1,RP11-483F11.7,0.0902933244815507
SATB1,ZDHHC19,0.0895397086131472
SATB1,FIGNL1,0.0890689661844623
SATB1,HSD17B13,0.0890055351107056
SATB1,EXO1,0.0885867225592192
SATB1,RP11-230B22.1,0.0881527855691688
SATB1,STK17B,0.087827723628585
SATB1,FAM189A2,0.0869287485231742
SATB1,PPP1R3D,0.0862720283023724
SATB1,RP11-546J1.1,0.085537805850437
SATB1,KCNE4,0.0853634042198546
SATB1,RASIP1,0.085307111672292
SATB1,RP11-84A1.3,0.0848560312723394
SATB1,PTRF,0.0838744564740852
SATB1,RP11-509J21.3,0.0827349541152136
SATB1,NOVA1-AS1,0.0824577804175818
SATB1,ITGA5,0.082324022128708
SATB1,PROSER2,0.0820760928911915
SATB1,COL6A5,0.0811552789408449
SATB1,PDE4C,0.0800550339762117
SATB1,SP5,0.0800276141385925
SATB1,PLEKHD1,0.0798800509862742
SATB1,RP11-30J20.1,0.0797417435358289
SOX5,C19orf54,0.1708076830322616
SOX5,ACOX2,0.1349942553078291
SOX5,SCN11A,0.1216150135654732
SOX5,ZNF99,0.1071585991705183
SOX5,RP11-304F15.4,0.1014622814658882
SOX5,RP11-160H22.5,0.0933606522761119
SOX5,POC1A,0.0931150146585859
SOX5,CEL,0.0906274335528025
SOX5,RP11-279F6.3,0.0901511609751033
SOX5,RP11-517I3.1,0.0885169697160669
SOX5,INSC,0.0884213429229358
SOX5,CTA-14H9.5,0.0877829977368833
SOX5,AC007228.5,0.0863567107748779
SOX5,RN7SL589P,0.0855230025221051
SOX5,HMCN2,0.0813970592128928
SOX5,RP11-248J23.6,0.0810719524532394
SOX5,RP11-295G20.2,0.0810236512211748
SOX5,LINC00649,0.0809160861699928
SOX5,RP11-68L18.1,0.0807366422662478
SOX5,SDC4,0.0800527399040955
SOX5,PCDHGA9,0.0785142328912775
SOX5,RP11-973H7.3,0.0784199414348598
SOX5,SPRED3,0.0772915058431804
SOX5,LINC00284,0.0762714560256745
SOX5,EGFL8,0.075887791845359
SOX5,EPHA1-AS1,0.0738742634223034
SOX5,PRRG4,0.0732807824832048
SOX5,LINC00571,0.0729760820954466
SOX5,FSBP,0.072554944998499
SOX5,SP5,0.0721297134095503
SOX5,PFN4,0.0718384621644835
SOX5,PAX7,0.0715571886503924
SOX5,RP1-167G20.1,0.071010083743649
SOX5,SAMD13,0.0691688270223685
SOX5,RP1-223B1.1,0.0691578657855426
SOX5,FRMD6-AS2,0.0690725023487801
SOX5,ZNF843,0.0690028430750147
SOX5,CTD-2165H16.4,0.0689388696835442
SOX5,RP11-444D3.1,0.0685168056995794
SOX5,RP11-554D15.1,0.0684932089636738
SOX5,LCP1,0.0683694461635883
SOX5,RERGL,0.0680294751874107
SOX5,RP5-1024G6.2,0.0677949019872808
SOX5,TMEM176A,0.0671638786319705
SOX5,ARHGAP31,0.0662461803615889
SOX5,KIAA1257,0.0657667864268078
SOX5,MTL5,0.0656700429478955
SOX5,FYB,0.0656677522436555
SOX5,NEDD4,0.0654470500692669
SOX5,NUDT7,0.0648105654066206
SOX6,C1QC,0.3455563727945094
SOX6,EVC2,0.2288306440473924
SOX6,RP6-1O2.1,0.2227860224613991
SOX6,PRKCQ-AS1,0.2051790848463388
SOX6,RP11-576N17.5,0.1967312958803801
SOX6,RP11-506B6.6,0.1965880168670706
SOX6,SEMA3D,0.1949837796706282
SOX6,CERKL,0.1763317219814583
SOX6,FYB,0.1736509874306157
SOX6,AC092162.1,0.1694385227129127
SOX6,ITGB6,0.1627223673506921
SOX6,CEACAM1,0.1626554606602389
SOX6,CAT,0.147216083796903
SOX6,RP11-57H12.6,0.1454278679024357
SOX6,ABCG5,0.1423693709473429
SOX6,SLC22A1,0.1411888789765508
SOX6,TNFRSF11A,0.140502055211285
SOX6,RP11-326F20.5,0.1390319640873044
SOX6,DSC2,0.1363998358579418
SOX6,RP11-343C2.11,0.1359386724711095
SOX6,SOWAHA,0.1333040595854796
SOX6,CMKLR1,0.1326603926411012
SOX6,RP11-92G12.3,0.1315233553116983
SOX6,DPP10,0.131212328725007
SOX6,RP11-752D24.3,0.1258851515325192
SOX6,KCNK13,0.1255256171524456
SOX6,GLP1R,0.125355932500891
SOX6,RTKN2,0.1253505495941633
SOX6,CTB-57H20.1,0.1245125383124792
SOX6,ZNF408,0.1233876015407042
SOX6,RP11-426L16.8,0.1214159874319841
SOX6,PCDHB13,0.1211734267650289
SOX6,SLC25A45,0.120511418766383
SOX6,RP11-575A19.2,0.1203146642601644
SOX6,PTGIS,0.1198861220130913
SOX6,COL27A1,0.1193682906883503
SOX6,AC079630.4,0.1173663855389173
SOX6,ADAMTS18,0.1169687842962051
SOX6,PI15,0.11619789804686
SOX6,FLNC,0.1153492026442197
SOX6,XXyac-YX65C7_A.2,0.1148801497389681
SOX6,PTRF,0.114498436536727
SOX6,KIAA1217,0.1141466844601245
SOX6,RP11-563P16.1,0.1125292653206784
SOX6,CDH23,0.1113970801248425
SOX6,SSUH2,0.1109752125340024
SOX6,RP11-41O4.1,0.1105839517175565
SOX6,ADAMTS16,0.1104498398924569
SOX6,DNAH5,0.110241747761449
SOX6,DYRK3,0.1100854843607772
ZBTB20,RP11-136K7.2,0.1937034224805805
ZBTB20,CMKLR1,0.1535461789578182
ZBTB20,C10orf115,0.1485505718725721
ZBTB20,RP11-365O16.6,0.1361562626781788
ZBTB20,CTD-3138B18.6,0.1210867319519544
ZBTB20,FSBP,0.1166308567439662
ZBTB20,PODN,0.1160889236627298
ZBTB20,AC004702.2,0.1002424038963464
ZBTB20,CTD-3088G3.8,0.0997863751485902
ZBTB20,PALD1,0.0986946025978376
ZBTB20,IL17RB,0.0965255984724231
ZBTB20,IL33,0.0954130761039042
ZBTB20,RP11-167H9.4,0.0951994239520049
ZBTB20,CTD-2349P21.11,0.0940986886755254
ZBTB20,AC003005.2,0.0937417297353432
ZBTB20,LRRD1,0.0933806765619707
ZBTB20,C4orf32,0.0910897614011242
ZBTB20,SLC22A10,0.0895009516059924
ZBTB20,KBTBD8,0.0890324598121613
ZBTB20,HNF4G,0.0886399689239856
ZBTB20,AC007255.8,0.0875048001757154
ZBTB20,RP11-156K13.1,0.0866175540164164
ZBTB20,RP11-72L22.1,0.0838021737513321
ZBTB20,RP11-159H10.3,0.0828161960242656
ZBTB20,RP11-87M18.2,0.0824754906299779
ZBTB20,KIF4B,0.0824123480862572
ZBTB20,RN7SL589P,0.0823703671573057
ZBTB20,ZFHX4-AS1,0.0819209420146805
ZBTB20,RP11-64J4.2,0.0811505983704002
ZBTB20,ZBTB39,0.0809079551793345
ZBTB20,AC007773.2,0.0805717696688032
ZBTB20,RP11-539L10.3,0.08021717199921
ZBTB20,RP11-708J19.1,0.07974743856854
ZBTB20,KLHL41,0.0784351780845137
ZBTB20,AC025263.3,0.0779663339946253
ZBTB20,RP11-160H22.5,0.0771139581821953
ZBTB20,RASIP1,0.0770338075191996
ZBTB20,RP11-529H2.2,0.0770301373355651
ZBTB20,IRF2BP1,0.0765878785833245
ZBTB20,MPP4,0.0758581061996149
ZBTB20,PLD2,0.0753929741534726
ZBTB20,LOXL2,0.0751423753270559
ZBTB20,MTMR8,0.0739767130711701
ZBTB20,CA12,0.073897461134055
ZBTB20,RP11-436K8.1,0.0738973589258306
ZBTB20,TRIM61,0.0736889305106963
ZBTB20,RP11-348F1.2,0.072887595126237
ZBTB20,LRP5L,0.0725666926885896
ZBTB20,RP11-343C2.11,0.0723838777950567
ZBTB20,CDKN2B-AS1,0.0722149437815801
CEBPB,RP11-356K23.1,0.148029699019625
CEBPB,VSX1,0.0765345626323565
CEBPB,SLC12A3,0.0569306506220331
CEBPB,LIX1,0.0564189025936042
CEBPB,BTNL9,0.050577752826764
CEBPB,CTA-14H9.5,0.0462768753738533
CEBPB,ECEL1,0.0421068094885165
CEBPB,CEL,0.041425900571345
CEBPB,SPRED3,0.0398246242632564
CEBPB,AC096574.4,0.0385306438841373
CEBPB,AC010760.1,0.0368796559940213
CEBPB,PRRG4,0.0366660589205527
CEBPB,FAM9B,0.0349819586640087
CEBPB,RP11-93O7.5,0.0338403628257319
CEBPB,DCLK3,0.0328307955939231
CEBPB,RP1-168L15.5,0.032720412577217
CEBPB,GLIPR2,0.0326052918802926
CEBPB,RTKN,0.0323844810798912
CEBPB,PABPC5,0.0321199348490228
CEBPB,RP11-713P17.3,0.0320788686834645
CEBPB,AC005355.1,0.0320736831502245
CEBPB,DRD5,0.0313458149097377
CEBPB,CENPE,0.0302232328610668
CEBPB,RP11-449P15.2,0.0296328367864923
CEBPB,HPGD,0.0288391313093269
CEBPB,LRTM1,0.0286693271203075
CEBPB,LINC00842,0.0284595797723578
CEBPB,ARHGEF15,0.0283824642582572
CEBPB,GDF10,0.0282651524181297
CEBPB,NPFFR2,0.0281434363176064
CEBPB,GABRR2,0.02775947823856
CEBPB,MYB,0.027440789543674
CEBPB,SSUH2,0.026970542006455
CEBPB,TIMP1,0.0266584927338634
CEBPB,NAIF1,0.0262789748398409
CEBPB,TNFRSF11A,0.0254640713263721
CEBPB,DSC2,0.0244624243760969
CEBPB,UTS2B,0.0244030056826377
CEBPB,HLA-E,0.0243431037792096
CEBPB,TFPI,0.0241268556296249
CEBPB,KCTD21-AS1,0.0239065076907678
CEBPB,AAED1,0.0236188337542508
CEBPB,RP11-624M8.1,0.0232259756203704
CEBPB,LINC00290,0.0230519701194629
CEBPB,RP11-575F12.1,0.0229257273373698
CEBPB,RP11-140K17.3,0.0225396415617367
CEBPB,INSL6,0.0224954128770738
CEBPB,MICALL1,0.0224346823521231
CEBPB,RP11-434D9.1,0.0223909466174909
CEBPB,KIF17,0.021963391066815
JUN,FGL2,0.2129266478716412
JUN,PODNL1,0.1769621707665236
JUN,RP11-575A19.2,0.1168298161136954
JUN,PCDHB7,0.0806407312947929
JUN,RP11-707G14.7,0.0789780000108862
JUN,CA12,0.0773940082125034
JUN,DTX3L,0.0769774915956991
JUN,PRRG4,0.0722371645188695
JUN,B9D2,0.0686273554967351
JUN,RP11-326F20.5,0.0662980574361526
JUN,ZDHHC19,0.0636197320722223
JUN,NPIPA5,0.0608353949659324
JUN,MBNL1-AS1,0.0602763460046888
JUN,NSUN7,0.0594855238266748
JUN,PDK4,0.0575822052252025
JUN,EVC2,0.0568219982029668
JUN,POC1A,0.0567354561195626
JUN,AC113607.1,0.0560931418125319
JUN,CTC-232P5.1,0.0551105552031036
JUN,NPSR1-AS1,0.0546479172478586
JUN,CCDC81,0.054314368835507
JUN,DMKN,0.0540170374445536
JUN,CER1,0.0530273240457019
JUN,AC022154.7,0.0514276103566769
JUN,PABPC5,0.0514151271990378
JUN,RASA4,0.0512916519981342
JUN,NKAIN1,0.0508403208195777
JUN,SUN3,0.049608940977662
JUN,AC005355.1,0.0492408794780671
JUN,CTSO,0.0485868250479958
JUN,RP11-799D4.4,0.0483718211648307
JUN,CORT,0.0476927277056359
JUN,LECT1,0.0474582739809992
JUN,RPGRIP1,0.0471552993222975
JUN,RP11-737O24.2,0.0469958111254494
JUN,PENK,0.0462886050317962
JUN,WNT7A,0.0460884284688914
JUN,RP11-305B6.3,0.0456910476619836
JUN,KCNE3,0.0456887566901308
JUN,C2orf50,0.0456638480029274
JUN,GPR64,0.0451590667264172
JUN,RAD51,0.0447843080907834
JUN,BTG3,0.0446488183558923
JUN,ALPK1,0.0444880035498246
JUN,ADAMTS16,0.044481581461638
JUN,GABRR2,0.0443492188141591
JUN,ZNF600,0.0441727214089602
JUN,RP11-68L18.1,0.0440797590187873
JUN,MEX3B,0.043862009242336
JUN,ZNF99,0.0437577331348227
NFIA,RP11-356K23.1,0.234093176296936
NFIA,FAM9B,0.1673629942498544
NFIA,RP11-259K15.2,0.1598586980200561
NFIA,RP4-737E23.2,0.1573301518930628
NFIA,RP11-575A19.2,0.1436645429246626
NFIA,RP11-624M8.1,0.1432068294484277
NFIA,SYK,0.1407463002965199
NFIA,LINC00870,0.1362513595634234
NFIA,AP003039.3,0.1310423178650806
NFIA,NPFFR2,0.1020219494640614
NFIA,RAD9B,0.1012910399192175
NFIA,RP11-248J23.6,0.0982144505530841
NFIA,VSX1,0.0981722938781149
NFIA,MPST,0.0965054501206716
NFIA,RTKN,0.0887035236073931
NFIA,CER1,0.0876052172315755
NFIA,PARP9,0.0842806543014341
NFIA,ZDHHC19,0.0820622835296045
NFIA,RP11-326F20.5,0.0796056507558655
NFIA,TAGAP,0.0795541534239167
NFIA,CTD-2175A23.1,0.0789226971209077
NFIA,RERGL,0.0767941243932621
NFIA,IL33,0.076095946530632
NFIA,SPSB4,0.0750452860584245
NFIA,PCDHGC3,0.0745766214618042
NFIA,PCDHB7,0.0734182633840584
NFIA,ARSF,0.0730776307939911
NFIA,SPANXA2-OT1,0.0696938188671885
NFIA,PLEKHD1,0.0695546290880528
NFIA,GABRR2,0.0691817477121903
NFIA,MTL5,0.0691230305053914
NFIA,EZH2,0.0689691885827785
NFIA,RP11-307C12.12,0.0684748191601473
NFIA,KLF8,0.0683899301179243
NFIA,AC090044.1,0.0682734568675348
NFIA,AC007255.8,0.0671878600686735
NFIA,RP11-162G9.1,0.0659017170161028
NFIA,RP11-554D15.1,0.0649803504944991
NFIA,AC005618.6,0.064938823928199
NFIA,LRRC56,0.0647596177472869
NFIA,DTX3L,0.0642301469129149
NFIA,VASN,0.0641407128349107
NFIA,MBNL1-AS1,0.0640472059808917
NFIA,AC097721.2,0.0635147247111144
NFIA,PRAM1,0.0623723885419494
NFIA,HIF1A-AS1,0.0622433903887195
NFIA,RP11-767I20.1,0.0611212079103534
NFIA,C9orf40,0.0611188360093403
NFIA,CTD-2541M15.4,0.0608086463287836
NFIA,TNFAIP3,0.0607788742417853
NPAS1,ECEL1,0.1211096237354368
NPAS1,MROH6,0.1145043974050836
NPAS1,NPIPA5,0.090902098332504
NPAS1,SLC12A3,0.0905150098995112
NPAS1,SLC10A3,0.0859414117760592
NPAS1,RP11-162G9.1,0.0844307111162678
NPAS1,INSC,0.0802905742055981
NPAS1,SPRED3,0.075460900185349
NPAS1,ZNF728,0.0728961654572769
NPAS1,KCNE1,0.072001499431636
NPAS1,SHCBP1L,0.068685346170138
NPAS1,ACOT12,0.0670780534063534
NPAS1,CTD-2620I22.1,0.0670625520242937
NPAS1,C2orf50,0.066757644851576
NPAS1,DLEU7-AS1,0.0647736343161744
NPAS1,RP11-134G8.7,0.0640883395274481
NPAS1,RP11-196O16.1,0.0630403733289471
NPAS1,ZBTB8B,0.0598555690812968
NPAS1,XKRX,0.059037593836981
NPAS1,PCDHGA5,0.058296788552751
NPAS1,DSC2,0.0581044754778575
NPAS1,MEOX2,0.0580892406939668
NPAS1,C5orf17,0.0580865897663984
NPAS1,RAD9B,0.0576790163525711
NPAS1,TMC6,0.0566073324142422
NPAS1,EGF,0.0557983992860098
NPAS1,LINC00276,0.0551850457101709
NPAS1,CTC-432M15.3,0.0548625575642586
NPAS1,C1R,0.0547598612836008
NPAS1,C5orf63,0.0540149647250094
NPAS1,ST8SIA6,0.0538991824157743
NPAS1,ARHGEF15,0.0536342266104449
NPAS1,SPTLC3,0.0534220448322636
NPAS1,SH3TC2,0.0532955605707006
NPAS1,PLG,0.0531796979799349
NPAS1,CER1,0.0531257345960514
NPAS1,RP11-799D4.4,0.0521030692273678
NPAS1,RP11-718O11.1,0.0513477796269042
NPAS1,CCDC80,0.0502585654567756
NPAS1,AKAP3,0.0499854056838692
NPAS1,C21orf67,0.0499493230393641
NPAS1,EVC2,0.0497077341954893
NPAS1,RP11-187E13.2,0.0495415754713653
NPAS1,RP11-390E23.6,0.0494107909133298
NPAS1,EFNA1,0.0492457401853772
NPAS1,RP3-326L13.3,0.0492030442741431
NPAS1,WDR16,0.0482750907796247
NPAS1,ALPK1,0.0477646340657412
NPAS1,ERBB2,0.0465002853676185
NPAS1,RP11-360P21.2,0.0464966813656817
BCL11B,SLC30A8,0.1303741100858979
BCL11B,ABCG5,0.1177685820767415
BCL11B,CEACAM1,0.1148785304687968
BCL11B,RP11-13N12.1,0.1032761537396126
BCL11B,IRS4,0.0985825715369585
BCL11B,LL22NC03-86G7.1,0.0985729336425457
BCL11B,RP11-33A14.1,0.0966204907160381
BCL11B,TRDN,0.0963025432236925
BCL11B,AC009506.1,0.0942798821284252
BCL11B,PRR11,0.0936843959231104
BCL11B,SSUH2,0.0917674996495972
BCL11B,PCDHGB6,0.0889714759103774
BCL11B,RP11-403I13.7,0.0874660910431989
BCL11B,LCTL,0.0871983776643197
BCL11B,BTNL9,0.0838375069428027
BCL11B,KRBA2,0.0829839349700791
BCL11B,RAP2B,0.0807296874721283
BCL11B,RP11-624D11.2,0.0798587003075262
BCL11B,CTB-113P19.1,0.079610518157322
BCL11B,KIF4B,0.0777400424893466
BCL11B,PPP4R1L,0.0731074322550609
BCL11B,CTD-2517M22.14,0.0718158661692494
BCL11B,YBX3,0.0708096162365032
BCL11B,RP11-120D5.1,0.0706362233599745
BCL11B,CD8A,0.0691485740433228
BCL11B,HERC5,0.0683408481871019
BCL11B,CTD-3138F19.1,0.0675235945050177
BCL11B,RP1-63G5.5,0.0658095607973017
BCL11B,HOGA1,0.0657542022052898
BCL11B,TMIE,0.0656947629721931
BCL11B,RP11-160H22.5,0.0656940370929993
BCL11B,RP1-104O17.2,0.0643088527330759
BCL11B,JAM2,0.0632514047132962
BCL11B,RP11-93L9.1,0.0624616883275353
BCL11B,SAMD13,0.0608101319883269
BCL11B,AC013460.1,0.0607837623495282
BCL11B,SPTLC3,0.060546867921305
BCL11B,RP11-711G10.1,0.0594659053797171
BCL11B,ZBBX,0.0582269658971949
BCL11B,AC009950.2,0.0579814126540995
BCL11B,RP11-546K22.1,0.0577972607605412
BCL11B,RP4-678D15.1,0.0573065100040509
BCL11B,MIS18BP1,0.0569872347764594
BCL11B,TRPV4,0.0565668513321996
BCL11B,RP11-575A19.2,0.0565088522470908
BCL11B,C3,0.0560139814071546
BCL11B,RP5-1092A3.4,0.0552941281053084
BCL11B,LINC00842,0.055136624038771
BCL11B,DLEU2L,0.0546256879148686
BCL11B,CCDC110,0.0546093177748998
CREB3,MROH6,0.1303673009377582
CREB3,PCDHB7,0.1042965646941914
CREB3,ZDHHC19,0.0742470402840548
CREB3,C14orf64,0.0683013944645001
CREB3,SCML4,0.0660798233106874
CREB3,RP11-707G14.7,0.0651181934931156
CREB3,RP11-176N18.2,0.0571380515858275
CREB3,ZNF408,0.0550821176394695
CREB3,MYH7,0.0514841981953237
CREB3,SLC10A3,0.0510255335447703
CREB3,RP11-737O24.2,0.0509555332830659
CREB3,RGSL1,0.0490138869756522
CREB3,RP11-510M2.2,0.0489309237360657
CREB3,C2orf50,0.0489278315714802
CREB3,UTS2B,0.0456184320460434
CREB3,CDH23,0.044076757657572
CREB3,LOX,0.042871238697431
CREB3,EFNA1,0.0403899108627383
CREB3,AL157871.2,0.039519049637281
CREB3,CTD-2175A23.1,0.0392373448399447
CREB3,PODNL1,0.0390401236433671
CREB3,CTD-3138F19.1,0.0388067467663858
CREB3,CTC-338M12.1,0.0383005284879161
CREB3,ORC6,0.0379962771856165
CREB3,COL15A1,0.0371048159944649
CREB3,CER1,0.0368422456278839
CREB3,C19orf54,0.0362267290820026
CREB3,RP11-752D24.3,0.0351782528085811
CREB3,PROSER2,0.0347820450260765
CREB3,MEOX2,0.0347051746134573
CREB3,RFESD,0.0345561607509752
CREB3,TNFRSF11A,0.0340317238743113
CREB3,CDKN2A,0.0337551749931325
CREB3,AC010760.1,0.0333802807147353
CREB3,LTBP2,0.0330581226624625
CREB3,VASH2,0.0328604754938388
CREB3,RP6-1O2.1,0.0328518974183783
CREB3,RAB34,0.0328153219831124
CREB3,COL4A4,0.0327084933456836
CREB3,RP11-248J23.6,0.0318709238816901
CREB3,RP11-145A3.2,0.0317523437226672
CREB3,NKX3-1,0.0317147074316892
CREB3,DIRAS3,0.031522623841956
CREB3,BRMS1,0.031491380792263
CREB3,RP11-305B6.3,0.0310104505765441
CREB3,FAM129C,0.0309617057030599
CREB3,AC012317.1,0.0308061346008293
CREB3,ALS2CR11,0.0305356014088306
CREB3,FIGNL1,0.0303778130377786
CREB3,PCDH18,0.0302418768212282
ETV1,C10orf115,0.1753320615311131
ETV1,RFPL3S,0.1008769731929277
ETV1,TNFAIP3,0.1006955608770338
ETV1,RP11-259K15.2,0.099755189348169
ETV1,RP11-136K7.2,0.0880359315348721
ETV1,TFPI,0.0858605855737199
ETV1,SH3TC2,0.0835668421948516
ETV1,CRABP1,0.0785426896146887
ETV1,TRH,0.0762195004114445
ETV1,TSPAN19,0.0745756081434331
ETV1,ZIC4,0.0742359045610886
ETV1,MYPN,0.073137963129891
ETV1,SLC10A3,0.0715141745930304
ETV1,KLB,0.0691780349539536
ETV1,CER1,0.0680277325561194
ETV1,TRIP6,0.0653143963868434
ETV1,ZNF600,0.0651352382590926
ETV1,AC096669.2,0.063669735894677
ETV1,IL33,0.0618274179385195
ETV1,NPFFR1,0.0597514391260481
ETV1,RP11-87M18.2,0.0593956313865551
ETV1,HVCN1,0.057508443546968
ETV1,MPP4,0.0573151495361766
ETV1,CRIP3,0.0572514306619722
ETV1,KIT,0.0568957005203389
ETV1,MTL5,0.0561731355377065
ETV1,C6orf52,0.0552726402644073
ETV1,CTC-338M12.1,0.0543978459423027
ETV1,SDS,0.0540785634689127
ETV1,ST18,0.0536949131108097
ETV1,PDGFD,0.0533543448585091
ETV1,RP11-24M17.4,0.0531986857985645
ETV1,DRD5,0.0530642115378039
ETV1,GLP1R,0.0525963479072065
ETV1,FLNC,0.0524263079616911
ETV1,RP11-627D16.1,0.0522281950896332
ETV1,ST8SIA2,0.0519522829569021
ETV1,RP11-466P24.7,0.0514970048406355
ETV1,C21orf67,0.050937431518983
ETV1,SERPINF1,0.0507777338001766
ETV1,IL1RAPL2,0.05048305548389
ETV1,BTN2A2,0.0496081954631248
ETV1,PM20D1,0.0490871225860969
ETV1,PENK,0.0489765302127037
ETV1,AC010760.1,0.0484412317478719
ETV1,RAB32,0.0482158157795743
ETV1,BAIAP2L1,0.0471444463003447
ETV1,C1R,0.0470956902437029
ETV1,RP11-624D11.2,0.0457247022472907
ETV1,DLEU7-AS1,0.0454247481041886
KLF13,EVC2,0.0680562888274085
KLF13,TMEM176A,0.0587843770106263
KLF13,RP11-279F6.3,0.0575174809957538
KLF13,GABRR2,0.0558345656344732
KLF13,RP11-428F8.2,0.0539940685618429
KLF13,SSUH2,0.0509185345455549
KLF13,RP11-304F15.4,0.0505405277193175
KLF13,TEX29,0.0483426978263888
KLF13,ZNF728,0.0469552674703545
KLF13,BSPRY,0.0449403770220979
KLF13,MICALCL,0.0441949272877563
KLF13,CHRNA3,0.0432762090274013
KLF13,RP1-154K9.2,0.0408932564448419
KLF13,TMIE,0.040865157065678
KLF13,MYH7,0.0406984347376501
KLF13,CAT,0.0401155220685066
KLF13,ACOT12,0.0396539837910656
KLF13,RP11-442N24__B.1,0.0395415800492557
KLF13,SLC19A3,0.0394786956287761
KLF13,LIPH,0.0394702089509213
KLF13,CTD-2008L17.1,0.0389866625463526
KLF13,RP5-1092A3.4,0.0384600469767502
KLF13,LPPR3,0.0383095674383125
KLF13,ZEB2-AS1,0.0377642358271618
KLF13,KCNE4,0.0352638569775636
KLF13,PIRT,0.0350761602421665
KLF13,DRD3,0.0341438262143925
KLF13,CTD-2307P3.1,0.0327586351466733
KLF13,IL17RD,0.0320966968019394
KLF13,RP11-234B24.2,0.0320537554806328
KLF13,GYG2,0.0320120371414691
KLF13,RP11-408E5.5,0.0317453510922279
KLF13,CENPF,0.0316205069200637
KLF13,OXTR,0.0313383637713976
KLF13,ITGB6,0.0306218370441604
KLF13,RP11-563D10.1,0.0300770300140875
KLF13,VWA1,0.0298664937709449
KLF13,NOVA1-AS1,0.0295044796856374
KLF13,HSPB6,0.0294021213377174
KLF13,RP1-168L15.5,0.0293773190157486
KLF13,CTC-529P8.1,0.0292686710933091
KLF13,VWDE,0.0292649358935414
KLF13,PCDHB16,0.0292511854051893
KLF13,ZIC4,0.0292310231787624
KLF13,RP11-444E17.6,0.0290015943024031
KLF13,TGFBR2,0.0286274542172438
KLF13,MGARP,0.0285440792241355
KLF13,PRR5L,0.0282147383162205
KLF13,PLLP,0.0279034925203082
KLF13,RP11-344N10.5,0.0278882767336082
POU3F3,TNFRSF11A,0.1887966325265652
POU3F3,PRRT3-AS1,0.1154744085516597
POU3F3,RP11-356K23.1,0.105628234640807
POU3F3,RP11-449P15.2,0.0990560125907888
POU3F3,RP1-104O17.1,0.0911756295259781
POU3F3,ERMAP,0.0868900410596357
POU3F3,AC022154.7,0.0867579998705495
POU3F3,CYP26A1,0.084337674681774
POU3F3,HNF4G,0.0837678723668906
POU3F3,AC069368.3,0.0834618234577092
POU3F3,ZDHHC19,0.0832475142465418
POU3F3,CTD-2620I22.1,0.0822662442066752
POU3F3,GRAMD2,0.0757841575313786
POU3F3,PODNL1,0.0705258002759924
POU3F3,CTC-338M12.1,0.0688214022461189
POU3F3,RGSL1,0.0636973313746585
POU3F3,HRASLS5,0.0631443548433152
POU3F3,RAB13,0.062957480846695
POU3F3,C2orf73,0.0578502586313319
POU3F3,ZIC4,0.0573260012593923
POU3F3,UCHL1-AS1,0.0567903470403443
POU3F3,EYA1,0.0557261731820307
POU3F3,BMPR1B,0.0531109540624
POU3F3,EPHA1-AS1,0.0527060641719071
POU3F3,DCLK3,0.0525969577049065
POU3F3,BTN3A2,0.051622252231273
POU3F3,RP11-597D13.9,0.0513873125944248
POU3F3,RPS10P7,0.0510417524736198
POU3F3,RP11-638L3.1,0.0504821609797479
POU3F3,ORC6,0.0504715773253002
POU3F3,KCNG2,0.0496565978409702
POU3F3,PRIMA1,0.0496143253757289
POU3F3,RP11-196O16.1,0.0491449330861829
POU3F3,KDM4D,0.049025092177461
POU3F3,CTD-2366F13.1,0.0489864147226011
POU3F3,LIX1,0.048916153347656
POU3F3,F3,0.0488364035348907
POU3F3,ITGB4,0.0486580871437389
POU3F3,ERBB3,0.0486249239603377
POU3F3,PCDHB7,0.0483686022761001
POU3F3,THBD,0.0480402677812364
POU3F3,XKRX,0.0476225129885922
POU3F3,RP11-627D16.1,0.04753996842407
POU3F3,TLE3,0.0471283799007848
POU3F3,ZNF285,0.047121588996091
POU3F3,RP11-238K6.2,0.0467997352979739
POU3F3,SUN3,0.0467186393176357
POU3F3,TGFBR2,0.0464562616573024
POU3F3,RAB34,0.0459347884217383
POU3F3,FAM89A,0.0457739216205067
RARB,GNAS-AS1,0.1469363008334846
RARB,C19orf54,0.0978449371423175
RARB,RP11-58E21.4,0.0974003458952385
RARB,E2F5,0.0874562140013349
RARB,AC007228.5,0.0817444924022018
RARB,SDC4,0.078429251962038
RARB,FBLN2,0.0741121507434388
RARB,RP11-160H22.5,0.0723337987021464
RARB,APLF,0.0715385627104823
RARB,RP11-546K22.1,0.0712716608578642
RARB,CCDC80,0.0708338284097606
RARB,RP11-576N17.5,0.0678911291463966
RARB,AC113607.1,0.0665092513382132
RARB,RP11-15H20.7,0.0648392926733445
RARB,RP11-248J23.6,0.0640872034186896
RARB,RP11-134G8.7,0.0630338177662247
RARB,RP11-662G23.1,0.06302431142052
RARB,RP11-2G1.1,0.0624259794571155
RARB,RP11-420A23.1,0.0618492458723817
RARB,PXDC1,0.0610041681169336
RARB,SLC19A3,0.0571963180375695
RARB,RP11-84G21.1,0.0560966180139056
RARB,C5orf49,0.0554972057019844
RARB,PI15,0.0554467168542321
RARB,SLC25A21-AS1,0.0552707582948374
RARB,CTD-2049O4.1,0.0549392786056003
RARB,RP11-966I7.3,0.0546685095925477
RARB,LTBP2,0.054667595420708
RARB,HMCN2,0.054554912623749
RARB,RP11-296A18.3,0.0539908634988691
RARB,LRRC56,0.0534881139324585
RARB,HVCN1,0.0534769359233882
RARB,RP11-93O7.5,0.0534294868630655
RARB,RGS14,0.0533837488631223
RARB,RP5-944M2.3,0.0529708297925452
RARB,RP11-575F12.1,0.0528596371236571
RARB,RP11-538I12.2,0.051726695637834
RARB,PRAM1,0.0515396024829513
RARB,RP11-77P6.2,0.0511409706978128
RARB,SAMD15,0.0502200294614273
RARB,AC009506.1,0.049417184241296
RARB,RP4-764O22.1,0.0493698775566628
RARB,ARSE,0.0493474677986349
RARB,RP11-400N13.1,0.0489160793004617
RARB,VSX1,0.0480694753326456
RARB,CTB-113P19.1,0.0479784461321739
RARB,LAYN,0.047968455558144
RARB,KCNE3,0.0478677487685587
RARB,CTD-2307P3.1,0.0478179719673965
RARB,CD302,0.0473258035426151
EMX2,RP4-739H11.3,0.0455725328688559
EMX2,KCTD19,0.0419052049662957
EMX2,DACT2,0.0416584452848016
EMX2,GPD1,0.0335933483277615
EMX2,RP11-33A14.1,0.0334547335612381
EMX2,LINC00972,0.030641195353343
EMX2,RP11-230B22.1,0.0295869701518194
EMX2,EFNA1,0.0282133246818509
EMX2,RP11-483F11.7,0.0280645408487075
EMX2,ABCG5,0.0273640748219011
EMX2,ZNF257,0.0263095315071684
EMX2,FAM101B,0.0262699122199119
EMX2,ALOX5,0.0253998856646444
EMX2,KIF4A,0.0253223350150958
EMX2,RAB34,0.0241911546555924
EMX2,S100A10,0.0239094687168248
EMX2,RP3-326L13.3,0.0227698490989428
EMX2,PFN4,0.0226643183308506
EMX2,PDE4C,0.0225414637409306
EMX2,SLC10A3,0.0213894289697151
EMX2,RP11-340E6.1,0.0213250746250933
EMX2,RP11-93O7.5,0.0207387563534799
EMX2,ZNF727,0.0203266782559309
EMX2,AKR1C3,0.0196035222578649
EMX2,RP11-120J1.1,0.0191706974821977
EMX2,IGFBPL1,0.0187622268188457
EMX2,HEPN1,0.0186968000799324
EMX2,BMP7,0.0186371594419141
MAFK,RP11-68L18.1,0.1019017449196369
MAFK,RP11-41O4.1,0.070111553028547
MAFK,RP11-304F15.4,0.0631021261483282
MAFK,ABCG5,0.0453320472968586
MAFK,EVC2,0.0434000230664342
MAFK,ERBB2,0.0406888277430597
MAFK,FNDC1,0.0399955500662907
MAFK,C6orf195,0.0388323873866024
MAFK,RP11-627D16.1,0.0361545203063846
MAFK,IGSF5,0.0351476408628751
MAFK,RP11-64J4.2,0.0350524857235682
MAFK,RP1-223B1.1,0.0344387864665163
MAFK,MTL5,0.0335116646649261
MAFK,NPHP3-AS1,0.0333807308065534
MAFK,RP3-326L13.3,0.0324490658547635
MAFK,INSL6,0.031637416417514
MAFK,CEL,0.0300065036712833
MAFK,RP11-449D8.5,0.0299038844193486
MAFK,PAN3-AS1,0.0290304166749661
MAFK,LYSMD4,0.027710582365005
MAFK,MTTP,0.0275229826750334
MAFK,RP11-442N24__B.1,0.0267506044713997
MAFK,PROSER2,0.025897139018786
MAFK,RP11-108E14.1,0.0256901241173772
MAFK,AC097721.2,0.0241825765399212
MAFK,RP11-673C5.2,0.0241493609789043
MAFK,RP11-360P21.2,0.0239046977186637
MAFK,TIMP1,0.0237761747829051
MAFK,SPRED3,0.0234928889156716
MAFK,RP11-674N23.1,0.0232986435389194
MAFK,RP11-21A7A.2,0.0223167701448025
MAFK,CASP7,0.0222731222564061
MAFK,MBLAC1,0.0218599090169685
MAFK,AC007401.2,0.0209638692560317
MAFK,PTGFR,0.0202886813874615
MAFK,ZIC4,0.0197655404190212
MAFK,FGL2,0.018899735152872
MAFK,ZBTB8A,0.0185492387658585
PBX3,LCTL,0.0918023482371997
PBX3,BTNL9,0.0597431445395688
PBX3,RP11-510M2.2,0.0573902923362162
PBX3,KCNE4,0.0487608969574163
PBX3,RP11-134G8.7,0.0476955637446082
PBX3,RP11-457K10.1,0.0381655137574336
PBX3,RP5-1112D6.7,0.0369811476753479
PBX3,NLGN1-AS1,0.0367791401093045
PBX3,DTX3L,0.0366680839466056
PBX3,AC069368.3,0.0356888563262929
PBX3,ZNF408,0.0329528172755764
PBX3,ECEL1,0.0327852437328337
PBX3,C21orf67,0.0320953031474247
PBX3,CDKN2B-AS1,0.0303662884241939
PBX3,SSUH2,0.0301722775695693
PBX3,ABCG5,0.0293461412851724
PBX3,AC003005.2,0.0289012399981128
PBX3,C3,0.0288019554511378
PBX3,RP11-752D24.3,0.0286495142086074
PBX3,AC005682.8,0.0276849248666944
PBX3,RP11-140K17.3,0.0276370447345927
PBX3,KCNA4,0.0270347932398458
PBX3,ST8SIA6,0.0267505964826059
PBX3,LINC00972,0.0261670118723188
PBX3,ENKUR,0.0255654547366338
PBX3,EVC2,0.0252104667605453
PBX3,DLK2,0.0244545483833402
PBX3,RP11-15B17.1,0.0241027613450123
PBX3,FAM167A,0.0239072263628312
PBX3,RP11-649A16.1,0.0236573388744046
PBX3,C1R,0.0232603326718519
PBX3,GCNT2,0.0228433197785601
PBX3,RP11-98D18.17,0.0228179228613306
PBX3,LINC00499,0.0226541728244856
PBX3,C21orf91,0.0222762015766775
PBX3,TRIB3,0.0210081073405052
PBX3,RP11-1299A16.3,0.0208755301271876
PBX3,NOVA1-AS1,0.0208615641380126
PBX3,CTD-3138B18.6,0.0208162531116654
PBX3,PHGDH,0.020020606511021
PBX3,RP11-739G5.1,0.0200035231787328
PBX3,GNA14,0.0199852412695098
PBX3,LRTM1,0.0194953245456336
PBX3,KIF4A,0.0194739604878836
PBX3,AC017101.10,0.0194541612266095
PBX3,ZNF93,0.019404378882744
PBX3,CTD-2165H16.4,0.0193920203230991
PBX3,RP1-168L15.5,0.0191526228882819
PBX3,C10orf115,0.0191093398770545
PBX3,TRMT5,0.0187514602231621
POU3F4,TNFAIP3,0.1827304457265527
POU3F4,EMP1,0.0820701503288091
POU3F4,DTX3L,0.0673403151513863
POU3F4,LRP10,0.0598805283552444
POU3F4,ACOT12,0.0441099554011729
POU3F4,GABRR2,0.0368794632232384
POU3F4,TFPI,0.0330904523395231
POU3F4,RP11-605F22.2,0.0306845010510375
POU3F4,RP3-326L13.3,0.030106759543527
POU3F4,GLYATL1,0.0297790474234693
POU3F4,EPCAM,0.0292881835782064
POU3F4,CTC-281M20.1,0.0270938386817821
POU3F4,BST2,0.0253128389335955
POU3F4,ABCG5,0.0240382004713593
POU3F4,SFT2D2,0.0231349688113232
POU3F4,RP11-428F8.2,0.0230183182372919
POU3F4,DRD3,0.0228460561467461
POU3F4,PCDHGA5,0.0223325566236367
POU3F4,AC009404.2,0.0223072175519087
POU3F4,RGS8,0.0220066060001005
POU3F4,C6orf99,0.0214721383988073
POU3F4,MYBPHL,0.021114971007004
POU3F4,FAM194A,0.0207264083168923
POU3F4,AC009227.2,0.0206127252750392
POU3F4,C3orf55,0.0204640456819495
POU3F4,TRIP6,0.0203228738732476
POU3F4,MND1,0.0200200376193158
POU3F4,LL22NC03-86G7.1,0.0198054358620598
POU3F4,RP11-230B22.1,0.0197795140681363
POU3F4,VEPH1,0.0192192503613242
POU3F4,RAB13,0.0191776272733127
POU3F4,TP53I11,0.0190753529179522
POU3F4,NLGN1-AS1,0.0190448232577635
POU3F4,RP11-454P21.1,0.0187300878082657
NR2F2,RP11-363E6.3,0.1735304946820569
NR2F2,PPP4R1L,0.1028051375310813
NR2F2,LYPD1,0.1017175382129031
NR2F2,CXCL14,0.0961485583294105
NR2F2,TINCR,0.0932093599881214
NR2F2,RP6-24A23.3,0.0823394000059598
NR2F2,HOGA1,0.0819143777195945
NR2F2,C10orf115,0.0811969553009958
NR2F2,CFH,0.0796940496726669
NR2F2,CALB2,0.0782137072733092
NR2F2,HRASLS5,0.0761666521813595
NR2F2,ITGB4,0.0760194776235615
NR2F2,TMEM176A,0.0754967371072234
NR2F2,RP11-375B1.3,0.0743612589407517
NR2F2,HSPB6,0.0741011688626769
NR2F2,FAM162B,0.073139632172357
NR2F2,RP11-365O16.6,0.0724106230920341
NR2F2,RN7SL589P,0.0723664942467782
NR2F2,ZFHX4-AS1,0.071716052302669
NR2F2,SLC30A8,0.0663871553532918
NR2F2,NR2E1,0.0663773899681198
NR2F2,VSX1,0.0648374240196445
NR2F2,RP11-154H12.3,0.064231893361297
NR2F2,RGS12,0.064143902764812
NR2F2,BEND4,0.0639581101849864
NR2F2,ADAMTS1,0.063428103063487
NR2F2,POLM,0.0632902367798934
NR2F2,EFNA1,0.0632413694117396
NR2F2,LINC00263,0.0629125164207319
NR2F2,FREM3,0.0627191263701966
NR2F2,KLF8,0.0625808790051057
NR2F2,LPA,0.0609732426111506
NR2F2,CNR1,0.0606434617451694
NR2F2,GLYATL1,0.060019017788367
NR2F2,SERPINF1,0.0594805379175747
NR2F2,RP4-737E23.2,0.0591310225732991
NR2F2,SLC10A4,0.0583690599748204
NR2F2,CMKLR1,0.0576860531161654
NR2F2,CCDC71L,0.0575208437049129
NR2F2,GLB1L2,0.0570369587466583
NR2F2,ACBD7,0.0569243043623034
NR2F2,CDKN2A,0.0565138155401224
NR2F2,NPR3,0.0564527111737669
NR2F2,AMOT,0.0548350671708495
NR2F2,RP11-841O20.2,0.0547719418896846
NR2F2,DIRAS3,0.054397014720534
NR2F2,RP11-408E5.5,0.0539992713516486
NR2F2,SLC2A12,0.0538128078925608
NR2F2,RP11-428F8.2,0.0533454015655652
NR2F2,SMKR1,0.0530947913332615
HIF3A,RP11-2G1.1,0.1118631285291528
HIF3A,AC022154.7,0.090125120317222
HIF3A,LINC00972,0.0759934087106116
HIF3A,RP11-24M17.4,0.0595683901413831
HIF3A,VAMP5,0.054469653574138
HIF3A,NSUN7,0.0540595577269237
HIF3A,CTD-2620I22.1,0.0514374540217617
HIF3A,RFPL3S,0.0497245473258095
HIF3A,TMC6,0.0483964733994437
HIF3A,AC083843.1,0.0438905867964483
HIF3A,HSD11B2,0.0416069608546063
HIF3A,POLQ,0.0397711970838247
HIF3A,MICALCL,0.0389311276895289
HIF3A,PCOLCE2,0.0376855024016614
HIF3A,UTS2B,0.0360633354689892
HIF3A,RP11-154H12.3,0.0354437348167614
HIF3A,AC115522.3,0.0353692760496366
HIF3A,PIRT,0.0340351846640187
HIF3A,RAB34,0.033910790715721
HIF3A,E2F5,0.0333836101161134
HIF3A,FAM186A,0.0310976463280676
HIF3A,PCDHGA5,0.030010300093712
HIF3A,SDC4,0.0299581695110918
HIF3A,ITGAL,0.0294972770197658
HIF3A,AC010760.1,0.0294470041003313
HIF3A,IGSF5,0.0292522049307295
HIF3A,RP11-87F15.2,0.028869543511717
HIF3A,RP11-436K8.1,0.0287187824873814
HIF3A,AKAP3,0.0287055907125237
HIF3A,PAQR5,0.0282833415017151
HIF3A,SLC30A8,0.0282225710460697
HIF3A,RP11-1252I4.2,0.0279978174377222
HIF3A,RP11-363E7.4,0.0274922108998233
HIF3A,LINC00870,0.0273505883490322
HIF3A,TLL1,0.0273472767445797
HIF3A,PRKCQ-AS1,0.0267644187864477
HIF3A,C1orf54,0.0267564578538558
HIF3A,SLC2A12,0.0264312375904659
HIF3A,RHOJ,0.0261053096439581
HIF3A,RP11-234B24.2,0.0260939663102973
HIF3A,AL035610.1,0.0260244827918385
HIF3A,SLC7A11,0.0259839167962111
HIF3A,RP11-546K22.1,0.0255800317042595
HIF3A,RP5-1092A3.4,0.0252399119702496
HIF3A,AC007255.8,0.0250969535124355
HIF3A,RP11-1084E5.1,0.0248168327455601
HIF3A,RP11-454P21.1,0.0247950982436272
HIF3A,AC096574.4,0.0246924314295076
HIF3A,PRODH,0.0246761914394039
HIF3A,STAB2,0.0246732959805643
ARNTL2,RP11-60I3.5,0.0828821356193851
ARNTL2,RP11-761B3.1,0.068173003562101
ARNTL2,LCTL,0.0620326898368399
ARNTL2,IRS4,0.0581542432564063
ARNTL2,NOX5,0.0565897129537485
ARNTL2,APLF,0.0482818698377432
ARNTL2,GRIN2C,0.0468628982371297
ARNTL2,KCNA4,0.0464768873532222
ARNTL2,IL33,0.0461029045389061
ARNTL2,RP11-58E21.4,0.0458213794593789
ARNTL2,RP11-65M17.3,0.0432500666820395
ARNTL2,GLIPR2,0.0423871193322599
ARNTL2,PCDHGA9,0.042353007329273
ARNTL2,AC025263.3,0.0409515059113854
ARNTL2,RP11-624D11.2,0.0407277950450866
ARNTL2,LINC00923,0.0405274942042567
ARNTL2,ERAP2,0.0401272258536827
ARNTL2,DTX3L,0.0398628587229254
ARNTL2,RPGRIP1,0.0386204761548677
ARNTL2,GRK7,0.0377304758258424
ARNTL2,TMEM200A,0.0373201429358113
ARNTL2,IFNLR1,0.036024446722836
ARNTL2,AC003005.2,0.0346236727024288
ARNTL2,CTD-2366F13.1,0.0343802676191354
ARNTL2,CENPF,0.0343338611620737
ARNTL2,M1AP,0.0342753546507115
ARNTL2,RP11-348F1.2,0.0341879336177616
ARNTL2,TMEM176A,0.0340794618700008
ARNTL2,CTC-281M20.1,0.0335450294702182
ARNTL2,TRMT10A,0.0334793587844102
ARNTL2,AC067959.1,0.0332535111291622
ARNTL2,DRD3,0.0321175239682555
ARNTL2,MYO3A,0.03207853920785
ARNTL2,RP11-122F24.1,0.0314102805371761
ARNTL2,GPRC5C,0.0311813860126011
ARNTL2,ZMYM6NB,0.031167809758121
ARNTL2,C2orf73,0.0309637944930297
ARNTL2,RP11-527H14.2,0.0308718985696305
ARNTL2,AC009506.1,0.0308109300445225
ARNTL2,RP11-56B16.5,0.0304014192614081
ARNTL2,DRAXIN,0.030001731371773
ARNTL2,RP13-216E22.5,0.0299882093983982
ARNTL2,RP11-649A16.1,0.0299358013036233
ARNTL2,RP11-234B24.2,0.0292785522526613
ARNTL2,RP11-340E6.1,0.0290825998600012
ARNTL2,P4HA2-AS1,0.0287168436380342
ARNTL2,CA13,0.0285584353442976
ARNTL2,RP11-449P15.2,0.0284544000331381
ARNTL2,RP11-20I20.2,0.0279365388742864
ARNTL2,NOD1,0.0279161327354313
EGR1,AC007292.4,0.123711317110142
EGR1,CTD-2017C7.2,0.0382947097575727
EGR1,CTB-129P6.11,0.0368143839964825
EGR1,MEOX2,0.0367089993621046
EGR1,AC079779.6,0.035851576665234
EGR1,CMKLR1,0.0351426329180366
EGR1,RN7SL2,0.0344460827121541
EGR1,RP11-162G9.1,0.032308309848819
EGR1,PRAM1,0.0297948074626972
EGR1,RP11-343C2.11,0.0279489181612799
EGR1,M1AP,0.0272713135830618
EGR1,TMIE,0.0269704092654543
EGR1,NPFFR2,0.0261506684072883
EGR1,VWDE,0.023562551238827
EGR1,INSC,0.0233684376453306
EGR1,NPY,0.0221868651348372
EGR1,RP11-115C21.2,0.0217692218889356
EGR1,CCDC81,0.0206803619920968
EGR1,AC003005.4,0.0205650879710816
EGR1,CTD-2517M22.14,0.0204949292141019
EGR1,CORT,0.0204192927258584
EGR1,C2orf50,0.0202347551900213
EGR1,PABPC5,0.0198879433667546
EGR1,CA12,0.0198477228726338
EGR1,VAMP5,0.0196508245920646
EGR1,ITGAL,0.0190830857084566
POU2F2,ALOX5,0.092798933831348
POU2F2,DACT2,0.0699859943379084
POU2F2,NLRP14,0.0617163250810334
POU2F2,AC139100.3,0.0593045214087449
POU2F2,THRB-IT1,0.0581021847984901
POU2F2,TSPAN19,0.0554830584070814
POU2F2,CERKL,0.0531010350196272
POU2F2,RP11-644F5.11,0.0512579373514401
POU2F2,RP11-81H3.2,0.0500112510810937
POU2F2,LINC00536,0.0490862462358372
POU2F2,RP11-575A19.2,0.0468379999320399
POU2F2,RP11-417L19.2,0.045749189132549
POU2F2,CTC-552D5.1,0.0449090373000316
POU2F2,KIF4A,0.0447158124865944
POU2F2,AC105461.1,0.0441354032131132
POU2F2,AP000233.4,0.0438885981485282
POU2F2,ERBB2,0.0435541681776388
POU2F2,RP11-65M17.3,0.0407376576973257
POU2F2,MOV10L1,0.0402843737222133
POU2F2,AC005062.2,0.0402109020770326
POU2F2,CRIP3,0.0396589515052054
POU2F2,RN7SL2,0.0395101551018915
POU2F2,RP11-449D8.5,0.0389716420094848
POU2F2,RP11-973H7.3,0.0388470202714352
POU2F2,CD302,0.0384424529323305
POU2F2,AC115522.3,0.0382635204065447
POU2F2,XKRX,0.0382031060691549
POU2F2,SYK,0.0379657070118308
POU2F2,SERPINH1,0.0374387167383692
POU2F2,ZNF229,0.0367512814990246
POU2F2,MYH3,0.0366000407680679
POU2F2,LECT1,0.0361554219242582
POU2F2,PERP,0.0345375251382428
POU2F2,RASAL1,0.0343735818021362
POU2F2,RP11-120J1.1,0.0340762335473088
POU2F2,TIMP1,0.03406367084179
POU2F2,RP11-187E13.2,0.0338960650388759
POU2F2,EPHA1-AS1,0.0337202937851061
POU2F2,RP11-344N10.5,0.0333994784160667
POU2F2,RP1-154K9.2,0.0326914947762951
POU2F2,RP11-159F24.3,0.0324750923885373
POU2F2,AC079354.1,0.0324632547935965
POU2F2,TPTE2,0.0318009354611377
POU2F2,RP1-167G20.1,0.031586691754919
POU2F2,TMEM200A,0.0315822232107385
POU2F2,EDNRB,0.0315212932900403
POU2F2,HSPB6,0.0313154196874688
POU2F2,RP11-60I3.5,0.0312088987694545
POU2F2,LIMD1,0.0311147050481559
POU2F2,AJ239322.1,0.0309547290091218
SOX4,C1QC,0.1000272941461472
SOX4,AF064858.8,0.0830054076169733
SOX4,RP11-2G1.1,0.0629347308788332
SOX4,CTD-2530N21.4,0.0589759426001219
SOX4,IL17RD,0.0569149261367012
SOX4,MBNL1-AS1,0.0531308416257369
SOX4,RP11-60I3.5,0.0469799295919451
SOX4,CHRNA3,0.0419847018394947
SOX4,PPP4R1L,0.0415820305498119
SOX4,NPHP3-AS1,0.040983836095892
SOX4,RP11-442N24__B.1,0.0401976324312642
SOX4,RP1-40E16.12,0.0400201069479155
SOX4,NPNT,0.0398770808887833
SOX4,RP11-326F20.5,0.03904101288418
SOX4,IL33,0.0378257922935786
SOX4,RASA4,0.0369955426895037
SOX4,OGN,0.0366475862103938
SOX4,CD58,0.0363525252992178
SOX4,RP11-296A18.3,0.036296920677256
SOX4,RP11-431M3.1,0.0358215789711527
SOX4,MND1,0.0355170371879394
SOX4,RP11-452H21.4,0.0340602784461498
SOX4,RP11-340E6.1,0.0337799442545435
SOX4,COL5A2,0.0337243965943792
SOX4,RP6-1O2.1,0.0323760004691959
SOX4,SERPINF1,0.0314893325311403
SOX4,RP11-434D11.4,0.0312074014666251
SOX4,MYO15A,0.0308009867045266
SOX4,C14orf64,0.0300279449326419
SOX4,DRD3,0.029515340133349
SOX4,B4GALT1,0.0291964378845422
SOX4,LIX1,0.0289062699859343
SOX4,SLC14A1,0.0286169531956124
SOX4,ACOX2,0.0279896651435148
SOX4,RP11-159H22.2,0.027979169407522
SOX4,CCDC80,0.0275065989729848
SOX4,RP11-20I20.2,0.0272133074054006
SOX4,PXDC1,0.0270186255319552
SOX4,CASP7,0.0269740324633393
SOX4,SAMD3,0.0268541916919941
SOX4,RP11-77P6.2,0.0268327733435848
SOX4,RP11-1299A16.3,0.0266584450808416
SOX4,RP11-370I10.2,0.0256453048543367
SOX4,NPY,0.0256323558174105
SOX4,MAGEC3,0.0254521716865819
SOX4,CENPF,0.0253756716330906
SOX4,C21orf67,0.025300486745857
SOX4,PRODH,0.0251687154484074
SOX4,IGFBPL1,0.0251318879522055
SOX4,NPSR1-AS1,0.0249982786687286
RXRG,RP11-282I1.1,0.095479963680441
RXRG,ERBB2,0.0786879493747681
RXRG,RASIP1,0.0646156852496301
RXRG,BTC,0.0592029539700377
RXRG,AC017076.5,0.0574997296846268
RXRG,CCDC147,0.0525275141368018
RXRG,RP11-400N13.3,0.0521856520408925
RXRG,ACSS1,0.0505375719449056
RXRG,CD8A,0.0496383481792877
RXRG,SPTLC3,0.0493611352389205
RXRG,HIF1A-AS1,0.0472576315677198
RXRG,EPHA1-AS1,0.0470549223060403
RXRG,RASA4,0.0462429077890804
RXRG,ANO2,0.0461168661134703
RXRG,PCOLCE2,0.043213373559834
RXRG,ZNF229,0.0400506982271223
RXRG,CGNL1,0.039445919564564
RXRG,GPC3,0.0385336574201777
RXRG,KB-1980E6.3,0.0372038015856994
RXRG,RP11-527H14.2,0.0369019230611215
RXRG,MIR181A2HG,0.0364045663243861
RXRG,GRAMD1C,0.0357471255674688
RXRG,RP11-993B23.3,0.0355377829627113
RXRG,RGS14,0.0354196541237983
RXRG,C1orf95,0.0348613263964449
RXRG,C4orf32,0.0346776311351121
RXRG,RP1-104O17.1,0.0332257630733239
RXRG,LIX1,0.0328057079445514
RXRG,SEMA3E,0.0317580825918167
RXRG,PLTP,0.0315425509217876
RXRG,NPSR1-AS1,0.0311957017563612
RXRG,ITGB4,0.0307547975732425
RXRG,RP11-627D16.1,0.0307525490434132
RXRG,VIP,0.030639699535568
RXRG,GLIPR2,0.0303928998779747
RXRG,GAL3ST1,0.0297258185620082
RXRG,GPRC5C,0.0294030908495834
RXRG,PCDHGA5,0.0290090540744568
RXRG,RP1-104O17.2,0.0285800165737946
RXRG,LAMA2,0.0285416920185565
RXRG,CRH,0.0285051723455319
RXRG,IL17RB,0.0283282974259127
RXRG,HLA-F-AS1,0.0278402861271916
RXRG,CTD-2008L17.1,0.0273263367308545
RXRG,MSTN,0.0272619133286052
RXRG,SLC22A3,0.0272140672744838
RXRG,PTGFR,0.0270348465613463
RXRG,TTC12,0.0266289302560525
RXRG,CTD-2175A23.1,0.0266035567208128
RXRG,SALL1,0.0265590682841047
FOXP2,ARHGEF15,0.1136147169640353
FOXP2,SLC25A21-AS1,0.0583079231441322
FOXP2,RP11-575F12.1,0.0558077965922992
FOXP2,SLC19A3,0.0558059405549099
FOXP2,RP11-307C12.12,0.0522309611325278
FOXP2,ALOX5,0.0480290456872363
FOXP2,KPTN,0.0451827220482967
FOXP2,RP11-41O4.1,0.0449888031239407
FOXP2,IFLTD1,0.0396983509410155
FOXP2,Z83851.1,0.0384069907862485
FOXP2,PCDHB13,0.0381354179889157
FOXP2,NPTX2,0.034742398422139
FOXP2,GLP1R,0.0340972489154108
FOXP2,ERBB2,0.0338372873179777
FOXP2,CYP26A1,0.0318362410862476
FOXP2,RAB32,0.0312969794982835
FOXP2,AC009227.2,0.0305838827428642
FOXP2,ZNF300,0.0282147762040941
FOXP2,RP11-365O16.6,0.0272327800588388
FOXP2,OSCAR,0.0267514282203356
FOXP2,C6orf195,0.0264128944228408
FOXP2,AC013460.1,0.0263667848990911
FOXP2,SFT2D2,0.0262082919631404
FOXP2,RP11-215N21.1,0.0257209986232229
FOXP2,NFATC1,0.0248583518304012
FOXP2,ACOT12,0.0241923401958243
FOXP2,CTD-2049O4.1,0.0240698760767485
FOXP2,RP11-457K10.1,0.0233488883618887
FOXP2,LINC00621,0.0232827044757156
FOXP2,AC005062.2,0.0227574374077579
FOXP2,AC073218.1,0.0222403802684485
FOXP2,C5orf17,0.0217422052317881
FOXP2,GPC3,0.0207229758209648
FOXP2,CTD-3138B18.6,0.0206130351285386
FOXP2,PCAT1,0.0196855815605365
FOXP2,CD163L1,0.0192617380102766
FOXP2,PAQR5,0.0191105744949038
FOXP2,GINS1,0.0190969522281921
FOXP2,UCHL1-AS1,0.0189272802201041
FOXP2,FFAR4,0.0187762460786187
MEIS2,PCDHGB6,0.0754825578370903
MEIS2,SERPINH1,0.0648703832280237
MEIS2,TEX29,0.0647364806477877
MEIS2,PAQR5,0.0611613379257171
MEIS2,SOWAHA,0.0548836431588464
MEIS2,HNF4G,0.0467368699624587
MEIS2,AC105461.1,0.0428490558680436
MEIS2,CTD-3138B18.6,0.0386931330696025
MEIS2,AC007292.4,0.038501095678413
MEIS2,BSPRY,0.0379772775990587
MEIS2,CRISPLD1,0.0367016160879363
MEIS2,RP11-627D16.1,0.0348800085503417
MEIS2,MND1,0.0332990944347897
MEIS2,RP11-403I13.7,0.0329142284559826
MEIS2,GRK7,0.0321845959981461
MEIS2,FAM101B,0.0301560663509187
MEIS2,SPSB4,0.0296090484517938
MEIS2,KIF4B,0.0293431266454543
MEIS2,MROH6,0.0291597529648479
MEIS2,SP5,0.0291066446839391
MEIS2,RP11-115C21.2,0.0283862035039219
MEIS2,EGFLAM,0.0275786732633249
MEIS2,ADAM28,0.0269950064944159
MEIS2,ZNF764,0.0268034533112262
MEIS2,NPTX2,0.0267914083347533
MEIS2,RP11-517I3.1,0.0264080212792062
MEIS2,PM20D1,0.0263462550558062
MEIS2,AC092661.1,0.0262881897053143
MEIS2,VSIG10L,0.0260789661376605
MEIS2,AC073218.1,0.0258421653226455
MEIS2,MTTP,0.02539906625957
MEIS2,HRASLS5,0.025147915378533
MEIS2,PIK3C2G,0.0249857935697955
MEIS2,RP1-154K9.2,0.0245540905444112
MEIS2,EPCAM,0.0244252903852295
MEIS2,RP11-307C12.12,0.0243437288998741
MEIS2,C19orf54,0.0242805840656581
MEIS2,AC005597.1,0.024177076522413
MEIS2,RP11-752D24.3,0.0239734416968532
MEIS2,C10orf12,0.0239022835395887
MEIS2,KBTBD8,0.0238706116973056
MEIS2,CTC-552D5.1,0.0235689938810012
MEIS2,CFTR,0.0234674705128195
MEIS2,GAS1,0.0232361837498468
MEIS2,RP11-215N21.1,0.0227897736673248
MEIS2,CHRNA4,0.0225817310164441
MEIS2,LRP2,0.0221446554739106
MEIS2,ANKRD33B,0.0218591962414302
MEIS2,RP11-546K22.1,0.0218295328631112
MEIS2,C21orf67,0.0217144223512882
ESR2,PRRT3-AS1,0.1210536531848183
ESR2,AC009506.1,0.0748084746080421
ESR2,RP11-160H22.5,0.0720307216463821
ESR2,ARHGEF15,0.0657868393951187
ESR2,MYB,0.0609450447554634
ESR2,RP11-98D18.17,0.0561552727163778
ESR2,RP11-307C12.12,0.0507912408104459
ESR2,RP11-176N18.2,0.0488809944924215
ESR2,RNF43,0.0445871199634844
ESR2,INSC,0.043469886394789
ESR2,ACBD7,0.0434499201415425
ESR2,DDX60L,0.0417601017261733
ESR2,RP11-2G1.1,0.0417294029724384
ESR2,NLGN1-AS1,0.0410292811418349
ESR2,ITGAL,0.0403504725211041
ESR2,RP11-573D15.2,0.0403324732058055
ESR2,CEL,0.0385667582139837
ESR2,SAMD15,0.037680220673129
ESR2,RASIP1,0.0375832365637412
ESR2,NPFFR1,0.0364585892350833
ESR2,RP11-739N10.1,0.0355136329867081
ESR2,ITGA5,0.0351967631606291
ESR2,MTL5,0.0339132011452866
ESR2,RP11-87M18.2,0.03350837138975
ESR2,MYH15,0.0332292724106555
ESR2,NOD1,0.0332006153128337
ESR2,STPG2-AS1,0.0328053193795306
ESR2,NPHP3-AS1,0.0322601125714801
ESR2,ARL9,0.0321451421099692
ESR2,CD58,0.0319162026335205
ESR2,RP11-173B14.5,0.0317105211529186
ESR2,ATRIP,0.0302883000999531
ESR2,RP11-796E2.4,0.0301782353491363
ESR2,AC005597.1,0.0300135510213461
ESR2,RP11-162G9.1,0.0298635773723858
ESR2,RPS10P7,0.029454015937181
ESR2,FSBP,0.0288755748792838
ESR2,OXTR,0.0288390801354823
ESR2,ZBTB20-AS1,0.0284253818663301
ESR2,DSC2,0.0283193516909796
ESR2,MBNL1-AS1,0.0282755068838273
ESR2,ZNF69,0.0281012040706669
ESR2,PLG,0.0279966859517152
ESR2,CTD-2008L17.1,0.0276496904588616
ESR2,RP11-159F24.3,0.0274067781561472
ESR2,COL14A1,0.0271799689599097
ESR2,RP11-966I7.1,0.0271012099242849
ESR2,SEMA3D,0.0270776562548816
ESR2,FAM167A,0.0270243506689431
ESR2,CIB4,0.0269340188365981
MYT1,RP11-60I3.5,0.0771135773824789
MYT1,CTD-2127H9.1,0.0678704145031004
MYT1,RP6-24A23.3,0.0598339737235955
MYT1,PCAT1,0.0541730232075834
MYT1,RNF43,0.0466191086324408
MYT1,NLGN1-AS1,0.0453170839400766
MYT1,RP11-344N10.5,0.0441339100993349
MYT1,GLIPR2,0.0391529354281056
MYT1,RP11-323J4.1,0.0382366598208549
MYT1,AC069368.3,0.0375594087686251
MYT1,RASL10A,0.0371628555567453
MYT1,CD302,0.0366074319942736
MYT1,THSD1,0.0362763051753494
MYT1,RP11-707G14.7,0.0362110098175681
MYT1,RAB11B-AS1,0.0351416844120938
MYT1,PRIMA1,0.0350637495128772
MYT1,PM20D1,0.0343436231562329
MYT1,LCTL,0.033845613550948
MYT1,MUC12,0.0333905983946252
MYT1,CDKN2A,0.0317876395122743
MYT1,RP11-644F5.11,0.0313347584127105
MYT1,ZNF257,0.0311602920659479
MYT1,SALL1,0.0306338998700961
MYT1,CHRNA3,0.0298967366081084
MYT1,RP11-436K8.1,0.029409763672421
MYT1,KBTBD8,0.0282056837953441
MYT1,RP11-86A5.1,0.0277979819034816
MYT1,AC005618.6,0.0276208324985952
MYT1,FGL2,0.0275701309026321
MYT1,RP11-449D8.5,0.0272184868894602
MYT1,LTBP2,0.0265101151688788
MYT1,PCDHGA9,0.0264357343063094
MYT1,SLC25A43,0.0260797549548579
MYT1,NLRP14,0.0257709084372635
MYT1,IL17RD,0.0253356828312838
MYT1,RP11-793A3.2,0.0251089450694553
MYT1,IGFBPL1,0.0247428313395119
MYT1,RP11-718O11.1,0.0247409684533165
MYT1,INSC,0.0244896779574031
MYT1,KCTD19,0.0244740275779066
MYT1,ADAM28,0.0239347126891157
MYT1,LAMA1,0.0239237294320175
MYT1,PCDHA1,0.023843890759533
MYT1,ZNF600,0.0237553249423899
MYT1,CENPF,0.0237544198122277
MYT1,KCNE3,0.0237092329553421
MYT1,RANBP3L,0.0230367650898699
MYT1,CTB-113I20.2,0.0228146054880121
MYT1,WDR5B,0.0227722515238979
MYT1,HERC5,0.0225071580818022
NR4A1,CERKL,0.0794724809460365
NR4A1,AC092162.1,0.0612526027484669
NR4A1,WDR5B,0.0450780404295017
NR4A1,CFH,0.0432249306898174
NR4A1,LPA,0.0311868213584601
NR4A1,EGFLAM,0.0304178800353662
NR4A1,ADAM29,0.0300830913603526
NR4A1,TFPI,0.0294850980271221
NR4A1,AC005682.8,0.0289997920529245
NR4A1,RP11-563D10.1,0.0272849878420331
NR4A1,INHBB,0.026307850772062
NR4A1,AL035610.1,0.0257773079829639
NR4A1,RP11-318A15.2,0.0251858500026341
NR4A1,FERMT1,0.0250396360845233
NR4A1,RP11-57H12.6,0.0246519090547026
NR4A1,ZIC4,0.0243376082362728
NR4A1,AC079779.6,0.0234473155754934
NR4A1,GRAMD2,0.0225510263961509
NR4A1,PIK3C2G,0.0219967641420703
NR4A1,IFI16,0.0212287398229892
NR4A1,COL27A1,0.0197881377385916
NR4A1,CCDC173,0.0196920856124275
NR4A1,CYP39A1,0.0195896478053589
NR4A1,SLCO1C1,0.019553570824262
NR4A1,PCDH11Y,0.0190637428062034
NR4A1,PXDN,0.0189250561358463
MAFF,THRB-IT1,0.0621436498878791
MAFF,AC013460.1,0.0564264190768468
MAFF,HRASLS5,0.0450332426977125
MAFF,LIPH,0.0442425861812642
MAFF,AMOT,0.0358128573726032
MAFF,SLC19A3,0.0351575410849566
MAFF,PERP,0.0339591164330772
MAFF,IFLTD1,0.0327805820288391
MAFF,RP11-24M17.4,0.031952564013813
MAFF,ZNF98,0.0316950788566119
MAFF,TFPI,0.0309341949800421
MAFF,CTC-241N9.1,0.0309031207830092
MAFF,AC007192.6,0.0307407713201413
MAFF,IL20RB,0.0306249372688043
MAFF,IRS4,0.0297159994890777
MAFF,MYH3,0.027342385222878
MAFF,PCDHB14,0.0271882173173608
MAFF,CTD-2620I22.1,0.025581106107818
MAFF,RP11-527H14.2,0.0253018240834661
MAFF,ZNF841,0.0248750341037171
MAFF,PBXIP1,0.0241437842815463
MAFF,NLGN1-AS1,0.02386020018597
MAFF,EGFL8,0.0232996997418786
MAFF,RSPH9,0.0228975823996423
MAFF,FREM3,0.0220237599428717
MAFF,MGARP,0.0219652068829681
MAFF,HHLA3,0.0215368338559943
MAFF,RP5-944M2.3,0.0214646771483438
MAFF,YBX3,0.0213577159139622
MAFF,TGFBR2,0.020932917643746
MAFF,KCNA6,0.0208672494674598
MAFF,PDE4C,0.0205998027242679
MAFF,RP11-431M3.1,0.0200541078148148
MAFF,RP5-1027G4.3,0.0200473369435415
MAFF,AC015971.2,0.0200216854637135
MAFF,UTS2B,0.0198183158251751
MAFF,INSL6,0.0197510821358743
MAFF,CTB-113I20.2,0.0195791934248166
MAFF,RP11-543C4.1,0.019145305285436
MAFF,MSR1,0.0190377710735915
MAFF,AJ239322.1,0.018966993420753
MAFF,RP11-143J12.2,0.018952495850507
MAFF,MCM6,0.0187572685383253
MAFF,RP11-115C21.2,0.0186252570286197
POU3F2,AC010760.1,0.0644768587712773
POU3F2,ARSD,0.0410120103953769
POU3F2,SLC7A11,0.040480007640939
POU3F2,VSX1,0.0399496460134433
POU3F2,AP003039.3,0.0397975795001458
POU3F2,FAM186A,0.0397704859069595
POU3F2,RGS14,0.0395637906359486
POU3F2,RP4-764O22.1,0.0388398295433169
POU3F2,CTD-2008L17.1,0.0373601298575718
POU3F2,HIST1H2AC,0.0367452327910923
POU3F2,RASAL1,0.0354141252770788
POU3F2,RP11-375B1.3,0.0338909076927117
POU3F2,RP11-157I4.4,0.0337338711372095
POU3F2,PRIMA1,0.03330363581852
POU3F2,TMEM176A,0.0321191038855023
POU3F2,AC012501.2,0.0315037258342795
POU3F2,RP11-248J23.6,0.0311989379607185
POU3F2,RP11-444E17.6,0.0307197531775894
POU3F2,RP11-234B24.2,0.0286260024502206
POU3F2,AC007228.5,0.0285630384343587
POU3F2,EPHA1-AS1,0.0279126242374691
POU3F2,CTC-552D5.1,0.0278861620851959
POU3F2,CTD-2530N21.4,0.0272722240286094
POU3F2,YAP1,0.0272634062384685
POU3F2,RP11-41O4.1,0.0272133412757454
POU3F2,RP11-707G14.7,0.0266077938394619
POU3F2,TTC29,0.0262174413724952
POU3F2,RP6-24A23.3,0.0257051333231801
POU3F2,CTD-2127H9.1,0.0251825337391953
POU3F2,IGFBPL1,0.0250985231338348
POU3F2,C14orf64,0.0250336134392117
POU3F2,PLLP,0.0243840838767594
POU3F2,AL035610.1,0.0243260812071719
POU3F2,PPP1R1C,0.0243038338118385
POU3F2,RP11-506B6.6,0.0239782814425862
POU3F2,AC016907.3,0.0239442137268519
POU3F2,MBLAC1,0.0235923199899759
POU3F2,PRODH,0.0235228306591201
POU3F2,LYPD1,0.0232858491049071
POU3F2,EFEMP1,0.0232650717321356
POU3F2,RP11-417L19.2,0.0227772288131828
POU3F2,FAM198B,0.0225474418974881
POU3F2,LINC01013,0.0223799335615471
POU3F2,RP11-215N21.1,0.0223766741769798
POU3F2,ADAMTS3,0.0223075970575606
POU3F2,RP11-20I20.2,0.0221099588176124
POU3F2,CENPF,0.0221040945654496
POU3F2,RP11-360P21.2,0.0218873754552801
POU3F2,PROSER2,0.021881796752276
POU3F2,RAD51,0.0216691668463256
IKZF2,GRAMD2,0.1185049554693277
IKZF2,NLRP14,0.0559719697866287
IKZF2,CTC-281M20.1,0.0552084281466815
IKZF2,RP11-400N13.3,0.0501563989365254
IKZF2,CASP7,0.0466085119087929
IKZF2,RP6-1O2.1,0.0398374842634802
IKZF2,PALD1,0.0388520117163781
IKZF2,EGFL8,0.0383053092013467
IKZF2,NPIPA5,0.0373725581625576
IKZF2,RP11-87M18.2,0.035290441839334
IKZF2,SPSB4,0.0351205486445217
IKZF2,C14orf93,0.0349968567787362
IKZF2,GMEB2,0.0338639643223382
IKZF2,ANO2,0.0336524731231985
IKZF2,AJ239322.1,0.0327541006100594
IKZF2,RP11-428F8.2,0.0323449708465018
IKZF2,STAB2,0.0305465375215704
IKZF2,TRIP6,0.0299032283636273
IKZF2,RP11-173B14.5,0.0292232136479983
IKZF2,RP5-1112D6.7,0.0290813243797947
IKZF2,ZNF285,0.0285017669637586
IKZF2,LINC00284,0.028029309393762
IKZF2,RP11-61E11.2,0.0273004920599832
IKZF2,COL6A6,0.0269310023692768
IKZF2,RP5-1024G6.2,0.0265285675388664
IKZF2,TSPAN19,0.0262419449134717
IKZF2,RP11-444E17.6,0.0258193480826037
IKZF2,THEGL,0.0256193929596536
IKZF2,EMP1,0.0254140227000362
IKZF2,KPTN,0.0252764198019652
IKZF2,RP11-767I20.1,0.0248903038644002
IKZF2,RP11-176N18.2,0.0248057301457596
IKZF2,RP11-84G21.1,0.0246209536842933
IKZF2,MTTP,0.0246066626952261
IKZF2,NPY5R,0.0244731304464031
IKZF2,CYP39A1,0.0235863544668617
IKZF2,AC007682.1,0.0232690499461299
IKZF2,PCDHB7,0.0230615701671776
IKZF2,RP11-24M17.4,0.0230579246862122
IKZF2,POLM,0.0230249850554426
IKZF2,RP4-737E23.2,0.0230108338433501
IKZF2,CTB-113P19.1,0.0227407387096246
IKZF2,RP5-1074L1.1,0.0223261662787879
IKZF2,ZKSCAN7,0.0223108124960332
IKZF2,SHCBP1L,0.0222444070136731
IKZF2,RP11-33A14.1,0.0220281377537073
IKZF2,RP13-941N14.1,0.022027519122744
IKZF2,RGS10,0.0215774058440459
IKZF2,VWDE,0.0215580475430569
IKZF2,RP11-452H21.4,0.0213864456267928
ID4,TNFAIP3,0.1422881355762868
ID4,AC007773.2,0.0612152806020634
ID4,COLEC12,0.0603544905645937
ID4,SERPINH1,0.0593388520615876
ID4,WDR64,0.0486585304292574
ID4,CERKL,0.0476812705571743
ID4,THBD,0.0444238691519431
ID4,RP11-282I1.1,0.0422557388734968
ID4,CFH,0.0402469238156051
ID4,RP11-157I4.4,0.0396308241044673
ID4,RP11-344N10.5,0.039139813364874
ID4,LTBP2,0.0388467070953708
ID4,ITPKA,0.0377776747528002
ID4,RP11-527H14.2,0.0360142897366945
ID4,RGS14,0.0350008418858741
ID4,C1QC,0.0343170084116421
ID4,NPY,0.0337097801603032
ID4,RP11-627D16.1,0.0325082225068141
ID4,CTC-552D5.1,0.0319411387245904
ID4,MYH7,0.0318211658237931
ID4,AC079779.6,0.0312172937571803
ID4,KBTBD8,0.0309323946564586
ID4,EFEMP2,0.0305138843269
ID4,RAMP2,0.0303261481278689
ID4,TDO2,0.0299918269841865
ID4,RP11-98D18.17,0.0292254189335736
ID4,AC009506.1,0.0287046060868262
ID4,RP11-444E17.6,0.0281807717441277
ID4,CTD-2127H9.1,0.0273592480294074
ID4,KCNJ2,0.0260970834779426
ID4,RP11-258F1.1,0.0256132295216374
ID4,DCDC1,0.0252421225206046
ID4,GS1-57L11.1,0.0244014580745516
ID4,ITGA5,0.0242724426333196
ID4,RP11-77P6.2,0.0237558733326145
ID4,ZP3,0.0231763757418567
ID4,GRAMD2,0.0228222138125428
ID4,MKRN3,0.0227799471444681
ID4,PHGDH,0.0226393908144331
ID4,CORT,0.0224686992082768
ID4,SPANXA2-OT1,0.0221825308241324
ID4,SLC26A2,0.0217751006692456
ID4,MTTP,0.0216618393836186
ID4,LINC00499,0.0216479400456106
ID4,IL17RD,0.0216291114315582
ID4,RP11-624M8.1,0.0210921463646461
ID4,CCDC71L,0.0210366358348789
ID4,ZNF613,0.0208056443241465
ID4,PCOLCE2,0.0206905763210547
ID4,RPL36A,0.0205921256730665
FOS,PCDHGB6,0.0628443793220539
FOS,FSBP,0.0605338129403962
FOS,NPY,0.060243699422905
FOS,AC079779.6,0.0479776748705027
FOS,CORT,0.0479538619379561
FOS,PRRG4,0.0429099679459959
FOS,RP11-87M18.2,0.0423396792776266
FOS,CRIP3,0.039853020452048
FOS,DACH1,0.0378665345043931
FOS,CALB1,0.0365217935703814
FOS,RP11-44I10.3,0.0331845049192482
FOS,MPST,0.0330961429737169
FOS,RP11-400N13.3,0.0319810793091325
FOS,RP11-318A15.2,0.0305371577964639
FOS,C3,0.0288699704885073
FOS,PCP4,0.0275575173793311
FOS,FAM46A,0.0270164018889891
FOS,TDRD9,0.0261246264059567
FOS,VGF,0.0258019645910822
FOS,HSPB6,0.0251408579982879
FOS,CCDC71L,0.0234974045944951
FOS,AC009506.1,0.0232751447750149
FOS,RP11-644F5.11,0.0232025612812803
FOS,RASGEF1B,0.0231175431667183
FOS,HENMT1,0.0225087505606515
FOS,NPY5R,0.0221253854859929
FOS,RP4-678D15.1,0.0220294340466899
FOS,EVC,0.0219777719471852
FOS,PCDH8,0.021631867161105
FOS,NOS1,0.0213571227356028
FOS,RGS14,0.0212370981034549
FOS,TRH,0.0208300963254813
FOS,PERP,0.0204477561176185
FOS,RP11-305B6.3,0.020260651149572
FOS,VWA1,0.0200448657383795
FOS,RELL1,0.0200008222307953
FOS,RIT2,0.0196278478152968
FOS,AKAP3,0.0189038821892602
FOS,MFSD9,0.0187928894643402
EGR3,CCDC80,0.1006504442243501
EGR3,TNFRSF11A,0.0737872349745931
EGR3,RP5-1092A3.4,0.0677828740049916
EGR3,CTD-3138B18.6,0.0454595235930314
EGR3,FANCE,0.0348181134116811
EGR3,SLCO1C1,0.0344591061596651
EGR3,RP3-514A23.2,0.0275956913517562
EGR3,CTD-2127H9.1,0.0274940512932183
EGR3,RPS10P7,0.0261843110973923
EGR3,RP11-87F15.2,0.0231482686576707
EGR3,PRAM1,0.022260113832802
EGR3,RP11-509J21.3,0.0219644507427618
EGR3,ARHGAP25,0.0208183105613139
EGR3,PPFIBP2,0.0205708377584443
EGR3,RP11-563D10.1,0.0198083280886567
EGR3,SAMD9,0.0197571914568036
EGR3,RP11-649A16.1,0.0190344584585997
EGR3,NPY5R,0.0189630205807463
EGR3,GPRC5C,0.0188940070074421
EGR3,AC009950.2,0.0186363088650139
REST,SP5,0.1359186059265149
REST,GLYATL1,0.05866342413161
REST,AMOT,0.0481494835937933
REST,RP11-196H14.2,0.0441490462082307
REST,PRODH,0.0425712509463015
REST,RP11-65M17.3,0.0377772959137752
REST,AC010733.4,0.0334106835524055
REST,CTD-2049O4.1,0.0326785938629338
REST,CTB-57H20.1,0.0314876954552807
REST,MCHR2,0.0312509542490122
REST,PCDHB5,0.0309039063403719
REST,CTD-2366F13.1,0.0307310365781274
REST,AC017076.5,0.0304127924582582
REST,AC025263.3,0.0300797785650097
REST,MYH3,0.0269269354609504
REST,EFNA1,0.026199186795086
REST,CD58,0.025803771669667
REST,ZBTB8A,0.0253988522262315
REST,CATSPERB,0.0241634783230299
REST,RP11-77P6.2,0.0233793293477909
REST,TIFA,0.0227263689101285
REST,RP11-761B3.1,0.0219085943530006
REST,COL14A1,0.0201839323159633
REST,ATP6V1G2-DDX39B,0.0198916295719779
REST,RP11-15F12.1,0.0186821878220711
MEIS1,CTD-2127H9.1,0.0841957616469244
MEIS1,C3orf55,0.0738168554102183
MEIS1,LINC01013,0.0569651358537587
MEIS1,NPFFR2,0.0526641278811666
MEIS1,WDR64,0.0454397758921549
MEIS1,RN7SL2,0.0436824543686243
MEIS1,TMC6,0.0332599589421158
MEIS1,LRP5L,0.0318303803936719
MEIS1,AC025263.3,0.0317166453114734
MEIS1,SDC4,0.0313766713357788
MEIS1,EGFLAM,0.0302020228383718
MEIS1,ADAM29,0.0292640486027099
MEIS1,RP11-64J4.2,0.0291943430727605
MEIS1,SLC26A2,0.0271352994252675
MEIS1,ADAMTS3,0.0268192308153
MEIS1,RTKN,0.026646890579451
MEIS1,CTC-552D5.1,0.0266026346748816
MEIS1,CTD-2058B24.2,0.0256283894407931
MEIS1,KCNJ2,0.0254446066789084
MEIS1,AP000797.3,0.0226600293803305
MEIS1,RP11-527H14.2,0.0221807002244596
MEIS1,CALML4,0.021767744548261
MEIS1,LMOD1,0.0216772988516909
MEIS1,PLTP,0.0215817136860639
MEIS1,RP11-326F20.5,0.0215571293190869
MEIS1,PTGIS,0.0215465017152533
MEIS1,AHRR,0.0214569760098551
MEIS1,AC016907.3,0.0214447160253265
MEIS1,FAM194A,0.0212684252934028
MEIS1,RGS10,0.021063467587135
MEIS1,ARSF,0.0200921098646649
MEIS1,AC113607.1,0.0197769504637862
MEIS1,RP11-267A15.1,0.0197037183581559
MEIS1,PRODH,0.0196390883718472
MEIS1,CTD-2021J15.1,0.0193979791493767
MEIS1,EGF,0.0192411321204635
PAX6,RGS14,0.0630765786405085
PAX6,C3,0.0375420114731984
PAX6,RP11-33A14.1,0.035811476935564
PAX6,CTD-2516F10.2,0.0356214749143146
PAX6,RGS10,0.0327816998683992
PAX6,PCDHB7,0.0327289086723118
PAX6,RASA4,0.0326944564143984
PAX6,ZIC4,0.0318719304674996
PAX6,YAP1,0.0308423146099207
PAX6,CEL,0.0300252487692718
PAX6,RP11-87M18.2,0.0295244790396232
PAX6,CTD-3138B18.6,0.0281807484363642
PAX6,RP11-993B23.3,0.0280403238543888
PAX6,RAB34,0.02729404672118
PAX6,RAB13,0.0269475671088942
PAX6,PLEKHF2,0.0260687309679949
PAX6,GLIPR2,0.0257094290515547
PAX6,KCTD21-AS1,0.0252467082007667
PAX6,CDCA7L,0.0251924371229685
PAX6,NOVA1-AS1,0.0239179136953984
PAX6,BMP2,0.0220932047815712
PAX6,EPCAM,0.0211667725452845
PAX6,FAM186A,0.0200504207118996
PAX6,AC073218.1,0.0197975279018052
PAX6,AKR1C3,0.0196254907529032
PAX6,UTS2B,0.0195297916586061
PAX6,RP11-449D8.5,0.0191763313517242
PAX6,IGSF5,0.0190135225602227
PAX6,RP11-145A3.2,0.0187155462338706
ASCL1,RP5-1092A3.4,0.0865530562199496
ASCL1,AC115522.3,0.0427885573973874
ASCL1,CRIP3,0.0417988925991538
ASCL1,C21orf67,0.0371268672306174
ASCL1,RP11-230B22.1,0.0336238870177677
ASCL1,RP11-136K7.2,0.0314198469698697
ASCL1,PXDC1,0.0304490224747463
ASCL1,TFPI,0.0299007459806859
ASCL1,CD9,0.0295140517031595
ASCL1,PLEKHF2,0.0290336041689045
ASCL1,RP1-223B1.1,0.0276388870407911
ASCL1,TP53I13,0.0265259026030703
ASCL1,RASAL1,0.026146026572408
ASCL1,TRIP6,0.025988151693878
ASCL1,C5orf17,0.0257755913581043
ASCL1,RGS10,0.0244038683211767
ASCL1,MTTP,0.0242607142889044
ASCL1,SLC14A1,0.0239186879839028
ASCL1,PCDHGC3,0.0237623635875658
ASCL1,LRTM1,0.0216044883642907
ASCL1,CHAC2,0.0211354558317186
ASCL1,MCHR2,0.021096235268328
ASCL1,CCDC147,0.0210826945090128
ASCL1,RP11-799D4.4,0.0205605241889546
ASCL1,ATP10B,0.0198359308128613
ASCL1,RP11-20I20.2,0.01982185836741
ASCL1,RP11-86A5.1,0.0195308588757097
ASCL1,TMEM176A,0.019372549568658
ASCL1,RP11-159H22.2,0.0191820360201039
ASCL1,RP11-739N10.1,0.0189196260949066
ASCL1,RP11-127I20.7,0.018769433843978
ASCL1,CTB-107G13.1,0.0185995924972373
ONECUT2,RP11-2G1.1,0.0682912699362569
ONECUT2,INSL6,0.0435735726756011
ONECUT2,RP4-764O22.1,0.042288709612924
ONECUT2,LINC00621,0.0300478830090707
ONECUT2,RP11-344N10.5,0.0264614311492602
ONECUT2,Z83851.1,0.0260046262285173
ONECUT2,RP11-527H14.2,0.0256826805661716
ONECUT2,CA12,0.0248198807058653
ONECUT2,PRODH,0.022841856461603
ONECUT2,NBPF14,0.022607633824519
ONECUT2,BRIP1,0.0222733040494011
ONECUT2,DDX60L,0.0218268314724088
ONECUT2,IRAK3,0.0215043613553555
ONECUT2,GLRA1,0.020419901953716
ONECUT2,DENND2C,0.0202933983738157
ONECUT2,AP000797.3,0.0202001382760203
ONECUT2,LINC01024,0.0200244430082054
ONECUT2,RP1-313I6.12,0.0192001940611372
EBF1,SHCBP1L,0.0448217894482427
EBF1,RP11-799D4.4,0.0426063957176377
EBF1,RP11-259K15.2,0.0350134627784688
EBF1,IL17RD,0.0341686105970038
EBF1,AP003039.3,0.0314210261372202
EBF1,TFPI,0.0300740782083427
EBF1,RP5-890E16.2,0.0294363013520396
EBF1,CTD-2516F10.2,0.0248137709961825
EBF1,HOGA1,0.0231588978602175
EBF1,LAMA1,0.0224708888263399
EBF1,RP11-13N12.1,0.0197795874357165
EBF1,BST2,0.0197549864990889
CEBPD,TFPI,0.1028509772608005
CEBPD,THBD,0.0886074271740716
CEBPD,EMP1,0.0763946279558823
CEBPD,RP5-1092A3.4,0.0709451317636311
CEBPD,VASH2,0.0476159199604183
CEBPD,CMKLR1,0.0410317420662038
CEBPD,IL15,0.0393957798238245
CEBPD,RP11-115C21.2,0.0382874460796088
CEBPD,CTD-2620I22.1,0.037380568537512
CEBPD,ITGB4,0.035073865781886
CEBPD,RP11-553L6.5,0.0326926424226662
CEBPD,TDO2,0.0308903423863283
CEBPD,HAUS8,0.0296263166299212
CEBPD,ZBTB8A,0.0293953953915176
CEBPD,LINC00571,0.0293131545146958
CEBPD,NKX3-1,0.0289122094554377
CEBPD,DRD3,0.0282766025528538
CEBPD,PIK3C2G,0.0274808846201723
CEBPD,RP11-295G20.2,0.0270343643459048
CEBPD,RP11-176N18.2,0.026917224305037
CEBPD,PLIN5,0.0258971347451463
CEBPD,KIF4A,0.0252054437191367
CEBPD,YAP1,0.0251458127143181
CEBPD,C21orf91,0.0251252035425375
CEBPD,NLGN1-AS1,0.0246485746716199
CEBPD,CCDC71L,0.0246480446272641
CEBPD,DHDH,0.0243773212644402
CEBPD,VSIG10L,0.0241580024515695
CEBPD,PDE4C,0.0240185460351815
CEBPD,SLCO1C1,0.0234238416925764
CEBPD,LECT1,0.0232688067227731
CEBPD,PCDHGB6,0.0230153227088918
CEBPD,CTC-297N7.5,0.0229336111528989
CEBPD,M1AP,0.0227293165966414
CEBPD,RP11-196O16.1,0.0222791705028021
CEBPD,RP5-890E16.2,0.0211466041275924
CEBPD,RAB32,0.0203133344272153
CEBPD,CTBS,0.020190911093677
CEBPD,TPPP3,0.0200589953780012
CEBPD,C20orf201,0.0199526442875038
CEBPD,HSD17B13,0.0197512724073883
CEBPD,TMEM100,0.0196901557996545
CEBPD,CTD-2298J14.2,0.019347198462605
CEBPD,CERKL,0.0190568637919736
CEBPD,SYT9,0.0188379115965389
CEBPD,TRIM36,0.0187375898207057
CEBPD,SEMA4F,0.0186491728011529
CEBPD,HIF1A-AS1,0.0186167665825554
SOX9,LCTL,0.0732229504375583
SOX9,ITGAL,0.0678340324268083
SOX9,DLL1,0.0441966410751183
SOX9,OGN,0.0423178925452956
SOX9,RP11-408E5.5,0.0402218504006825
SOX9,ZNF257,0.0379905103678864
SOX9,LRRC56,0.0371681564937464
SOX9,SERPINH1,0.0346326183056165
SOX9,GDF10,0.0342642597389754
SOX9,TSPAN19,0.0339460802846544
SOX9,RP11-136K7.2,0.0334110977892489
SOX9,RP11-15H20.7,0.0316521234681826
SOX9,C21orf67,0.0311254193573368
SOX9,CD302,0.0295710282160899
SOX9,FANCE,0.0292461404541017
SOX9,CTD-2587H24.10,0.0284704332105241
SOX9,MIR31HG,0.0281572971156651
SOX9,PTGFR,0.0279659774931146
SOX9,SERPINF1,0.0275819854390893
SOX9,PDCL2,0.0275763441625448
SOX9,GMIP,0.0250122734915479
SOX9,SLC25A45,0.0249876592034356
SOX9,CENPF,0.0240537521972122
SOX9,ZNF229,0.0235992635176422
SOX9,RP11-65M17.3,0.02301268185697
SOX9,P4HA2-AS1,0.0229592775583644
SOX9,RP11-51J9.5,0.0219372950211305
SOX9,THBD,0.0216001354315242
SOX9,IL15,0.0213066575328504
SOX9,RASIP1,0.0212980444837863
SOX9,PTH2R,0.021086236824461
SOX9,UNC5B,0.0203566676140757
SOX9,VWA1,0.02019696282203
SOX9,RP11-41O4.1,0.0201685567108968
SOX9,RP11-428F8.2,0.0191082259954185
SOX9,FAM89A,0.0187027087328977
